position,number,name,height,weight,dob,college,team,height_in,weight_int,bmi
G,13,"Brogdon, Malcolm",6 ft 5 in (1.96 m),229 lb (104 kg),1992-12-11,Virginia,Boston Celtics,77,229,27.15247090571766
G/F,7,"Brown, Jaylen (C)",6 ft 6 in (1.98 m),223 lb (101 kg),1996-10-24,California,Boston Celtics,78,223,25.76742274819198
F/C,?,"Caboclo, Bruno",6 ft 9 in (2.06 m),218 lb (99 kg),1995-09-21,Brazil,Boston Celtics,81,218,23.358329522938575
G,20,"Davison, JD (TW)",6 ft 3 in (1.91 m),195 lb (88 kg),2002-10-03,Alabama,Boston Celtics,75,195,24.370666666666665
F,8,"Gallinari, Danilo",6 ft 10 in (2.08 m),236 lb (107 kg),1988-08-08,Italy,Boston Celtics,82,236,24.674003569303984
F,30,"Hauser, Sam",6 ft 7 in (2.01 m),217 lb (98 kg),1997-12-08,Virginia,Boston Celtics,79,217,24.443358436148053
F/C,42,"Horford, Al",6 ft 9 in (2.06 m),240 lb (109 kg),1986-06-03,Florida,Boston Celtics,81,240,25.715592135345222
F/C,28,"Kabengele, Mfiondu (TW)",6 ft 10 in (2.08 m),250 lb (113 kg),1997-08-14,Florida State,Boston Celtics,82,250,26.137715645449138
F/C,40,"Kornet, Luke",7 ft 2 in (2.18 m),250 lb (113 kg),1995-07-15,Vanderbilt,Boston Celtics,86,250,23.762844780962684
G,11,"Pritchard, Payton",6 ft 1 in (1.85 m),195 lb (88 kg),1998-01-28,Oregon,Boston Celtics,73,195,25.724338525051603
G,36,"Smart, Marcus (C)",6 ft 4 in (1.93 m),220 lb (100 kg),1994-03-06,Oklahoma State,Boston Celtics,76,220,26.776315789473685
G/F,0,"Tatum, Jayson (C)",6 ft 8 in (2.03 m),210 lb (95 kg),1998-03-03,Duke,Boston Celtics,80,210,23.0671875
G,9,"White, Derrick",6 ft 4 in (1.93 m),190 lb (86 kg),1994-07-02,Colorado,Boston Celtics,76,190,23.125
F,12,"Williams, Grant",6 ft 6 in (1.98 m),236 lb (107 kg),1998-11-30,Tennessee,Boston Celtics,78,236,27.269559500328732
F/C,44,"Williams, Robert III",6 ft 9 in (2.06 m),237 lb (108 kg),1997-10-17,Texas A&M,Boston Celtics,81,237,25.394147233653406
G/F,?,"Valentine, Denzel",6 ft 4 in (1.93 m),220 lb (100 kg),1993-11-16,Michigan State,Boston Celtics,76,220,26.776315789473685
F/C,?,"Vonleh, Noah",6 ft 10 in (2.08 m),257 lb (117 kg),1995-08-24,Indiana,Boston Celtics,82,257,26.869571683521713
F/C,33,"Claxton, Nic",6 ft 11 in (2.11 m),215 lb (98 kg),1999-04-17,Georgia,Brooklyn Nets,83,215,21.940049354042678
G,30,"Curry, Seth",6 ft 2 in (1.88 m),185 lb (84 kg),1990-08-23,Duke,Brooklyn Nets,74,185,23.75
G,6,"Duke, David (TW)",6 ft 4 in (1.93 m),204 lb (93 kg),1999-10-13,Providence,Brooklyn Nets,76,204,24.82894736842105
F,7,"Durant, Kevin",6 ft 10 in (2.08 m),240 lb (109 kg),1988-09-29,Texas,Brooklyn Nets,82,240,25.09220701963117
F,14,"Edwards, Kessler",6 ft 7 in (2.01 m),203 lb (92 kg),2000-08-09,Pepperdine,Brooklyn Nets,79,203,22.866367569299793
G/F,12,"Harris, Joe",6 ft 6 in (1.98 m),220 lb (100 kg),1991-09-07,Virginia,Brooklyn Nets,78,220,25.42077580539119
G,11,"Irving, Kyrie",6 ft 2 in (1.88 m),195 lb (88 kg),1992-03-23,Duke,Brooklyn Nets,74,195,25.033783783783782
G,8,"Mills, Patty",6 ft 0 in (1.83 m),180 lb (82 kg),1988-08-11,Saint Mary's,Brooklyn Nets,72,180,24.40972222222222
F,00,"O'Neale, Royce",6 ft 5 in (1.96 m),226 lb (103 kg),1993-06-05,Baylor,Brooklyn Nets,77,226,26.796761679878564
F,20,"Sharpe, Day'Ron",6 ft 9 in (2.06 m),265 lb (120 kg),2001-11-06,North Carolina,Brooklyn Nets,81,265,28.39429964944368
G/F,10,"Simmons, Ben",6 ft 11 in (2.11 m),240 lb (109 kg),1996-07-20,LSU,Brooklyn Nets,83,240,24.49121788358252
G,4,"Sumner, Edmond",6 ft 4 in (1.93 m),196 lb (89 kg),1995-12-31,Xavier,Brooklyn Nets,76,196,23.855263157894736
G,24,"Thomas, Cameron",6 ft 3 in (1.91 m),210 lb (95 kg),2001-10-13,LSU,Brooklyn Nets,75,210,26.245333333333335
F,1,"Warren, T. J.",6 ft 8 in (2.03 m),220 lb (100 kg),1993-09-05,NC State,Brooklyn Nets,80,220,24.165625
G,31,"Williams, Alondes (TW)",6 ft 5 in (1.96 m),210 lb (95 kg),1999-06-19,Wake Forest,Brooklyn Nets,77,210,24.899645808736718
G/F,9,"Barrett, RJ",6 ft 6 in (1.98 m),214 lb (97 kg),2000-06-14,Duke,New York Knicks,78,214,24.72748191978961
G,11,"Brunson, Jalen",6 ft 1 in (1.85 m),190 lb (86 kg),1996-08-31,Villanova,New York Knicks,73,190,25.064740101332333
G/F,13,"Fournier, Evan",6 ft 7 in (2.01 m),205 lb (93 kg),1992-10-29,France,New York Knicks,79,205,23.091651978849544
G,6,"Grimes, Quentin",6 ft 5 in (1.96 m),205 lb (93 kg),2000-05-08,Houston,New York Knicks,77,205,24.306797099004893
F/C,55,"Hartenstein, Isaiah",7 ft 0 in (2.13 m),250 lb (113 kg),1998-05-05,Germany,New York Knicks,84,250,24.907879818594104
F,16,"Hunt, Feron (TW)",6 ft 8 in (2.03 m),195 lb (88 kg),1999-07-05,SMU,New York Knicks,80,195,21.41953125
G,3,"Keels, Trevor (TW)",6 ft 5 in (1.96 m),221 lb (100 kg),2003-08-26,Duke,New York Knicks,77,221,26.203912970146735
G,2,"McBride, Miles",6 ft 2 in (1.88 m),200 lb (91 kg),2000-09-08,West Virginia,New York Knicks,74,200,25.675675675675677
G,5,"Quickley, Immanuel",6 ft 3 in (1.91 m),190 lb (86 kg),1999-06-17,Kentucky,New York Knicks,75,190,23.74577777777778
F,30,"Randle, Julius",6 ft 8 in (2.03 m),250 lb (113 kg),1994-11-29,Kentucky,New York Knicks,80,250,27.4609375
G/F,21,"Reddish, Cam",6 ft 8 in (2.03 m),217 lb (98 kg),1999-09-01,Duke,New York Knicks,80,217,23.83609375
C,23,"Robinson, Mitchell",7 ft 0 in (2.13 m),240 lb (109 kg),1998-04-01,Chalmette HS (LA),New York Knicks,84,240,23.91156462585034
G,4,"Rose, Derrick",6 ft 2 in (1.88 m),200 lb (91 kg),1988-10-04,Memphis,New York Knicks,74,200,25.675675675675677
C,45,"Sims, Jericho",6 ft 9 in (2.06 m),250 lb (113 kg),1998-10-20,Texas,New York Knicks,81,250,26.787075140984605
F,1,"Toppin, Obi",6 ft 9 in (2.06 m),220 lb (100 kg),1998-03-04,Dayton,New York Knicks,81,220,23.572626124066453
F/C,23,"Bassey, Charles",6 ft 11 in (2.11 m),230 lb (104 kg),2000-10-28,Western Kentucky,Philadelphia 76ers,83,230,23.470750471766586
G,16,"Brown, Charlie (TW)",6 ft 6 in (1.98 m),199 lb (90 kg),1997-02-02,Saint Joseph's,Philadelphia 76ers,78,199,22.99424720578567
G/F,5,"Champagnie, Julian (TW)",6 ft 8 in (2.03 m),217 lb (98 kg),2001-06-29,St. John's,Philadelphia 76ers,80,217,23.83609375
F/C,21,"Embiid, Joel",7 ft 0 in (2.13 m),280 lb (127 kg),1994-03-16,Kansas,Philadelphia 76ers,84,280,27.896825396825395
G,1,"Harden, James",6 ft 5 in (1.96 m),220 lb (100 kg),1989-08-26,Arizona State,Philadelphia 76ers,77,220,26.085343228200372
F,12,"Harris, Tobias",6 ft 8 in (2.03 m),226 lb (103 kg),1992-07-15,Tennessee,Philadelphia 76ers,80,226,24.8246875
F,25,"House, Danuel",6 ft 6 in (1.98 m),220 lb (100 kg),1993-06-07,Texas A&M,Philadelphia 76ers,78,220,25.42077580539119
G,7,"Joe, Isaiah",6 ft 4 in (1.93 m),165 lb (75 kg),1999-07-02,Arkansas,Philadelphia 76ers,76,165,20.082236842105264
G/F,30,"Korkmaz, Furkan",6 ft 7 in (2.01 m),202 lb (92 kg),1997-07-24,Turkey,Philadelphia 76ers,79,202,22.753725364524914
G,0,"Maxey, Tyrese",6 ft 2 in (1.88 m),200 lb (91 kg),2000-10-04,Kentucky,Philadelphia 76ers,74,200,25.675675675675677
G,8,"Melton, De'Anthony",6 ft 2 in (1.88 m),200 lb (91 kg),1998-05-28,USC,Philadelphia 76ers,74,200,25.675675675675677
G/F,18,"Milton, Shake",6 ft 5 in (1.96 m),205 lb (93 kg),1996-09-26,SMU,Philadelphia 76ers,77,205,24.306797099004893
F,20,"Niang, Georges",6 ft 7 in (2.01 m),230 lb (104 kg),1993-06-17,Iowa State,Philadelphia 76ers,79,230,25.90770709822144
G,9,"Queen, Trevelin",6 ft 6 in (1.98 m),190 lb (86 kg),1997-02-25,New Mexico State,Philadelphia 76ers,78,190,21.9543063773833
F,44,"Reed, Paul",6 ft 9 in (2.06 m),210 lb (95 kg),1999-06-26,DePaul,Philadelphia 76ers,81,210,22.50114311842707
G,11,"Springer, Jaden",6 ft 3 in (1.91 m),202 lb (92 kg),2002-09-25,Tennessee,Philadelphia 76ers,75,202,25.24551111111111
G/F,22,"Thybulle, Matisse",6 ft 5 in (1.96 m),200 lb (91 kg),1997-03-04,Washington,Philadelphia 76ers,77,200,23.713948389273064
F,17,"Tucker, P.J.",6 ft 5 in (1.96 m),245 lb (111 kg),1985-05-05,Texas,Philadelphia 76ers,77,245,29.049586776859503
F,5,"Achiuwa, Precious",6 ft 8 in (2.03 m),225 lb (102 kg),1999-09-19,Memphis,Toronto Raptors,80,225,24.71484375
F,3,"Anunoby, OG",6 ft 7 in (2.01 m),232 lb (105 kg),1997-07-17,Indiana,Toronto Raptors,79,232,26.13299150777119
F,45,"Banton, Dalano",6 ft 7 in (2.01 m),204 lb (93 kg),1999-11-07,Nebraska,Toronto Raptors,79,204,22.97900977407467
F,4,"Barnes, Scottie",6 ft 7 in (2.01 m),225 lb (102 kg),2001-08-01,Florida State,Toronto Raptors,79,225,25.34449607434706
C,24,"Birch, Khem",6 ft 9 in (2.06 m),233 lb (106 kg),1992-09-28,UNLV,Toronto Raptors,81,233,24.96555403139765
F/C,25,"Boucher, Chris",6 ft 9 in (2.06 m),200 lb (91 kg),1993-01-11,Oregon,Toronto Raptors,81,200,21.429660112787683
F,44,"Brown, Gabe",6 ft 8 in (2.03 m),215 lb (98 kg),2000-03-05,Michigan State,Toronto Raptors,80,215,23.61640625
G/F,11,"Champagnie, Justin",6 ft 6 in (1.98 m),206 lb (93 kg),2001-06-29,Pittsburgh,Toronto Raptors,78,206,23.803090072320842
G,15,"Dowtin, Jeff (TW)",6 ft 3 in (1.91 m),177 lb (80 kg),1997-05-07,Rhode Island,Toronto Raptors,75,177,22.121066666666668
G,22,"Flynn, Malachi",6 ft 1 in (1.85 m),175 lb (79 kg),1998-05-10,San Diego State,Toronto Raptors,73,175,23.085944830174515
G/F,8,"Harper Jr., Ron (TW)",6 ft 6 in (1.98 m),245 lb (111 kg),2000-04-12,Rutgers,Toronto Raptors,78,245,28.309500328731097
F,41,"Hernangómez, Juancho",6 ft 9 in (2.06 m),214 lb (97 kg),1995-09-28,Spain,Toronto Raptors,81,214,22.929736320682824
G,13,"Johnson, David",6 ft 4 in (1.93 m),203 lb (92 kg),2001-02-26,Louisville,Toronto Raptors,76,203,24.707236842105264
C,35,"Koloko, Christian (DP)",7 ft 1 in (2.16 m),221 lb (100 kg),2000-06-20,Arizona,Toronto Raptors,85,221,21.503529411764706
F,32,"Porter Jr., Otto",6 ft 8 in (2.03 m),200 lb (91 kg),1993-06-03,Georgetown,Toronto Raptors,80,200,21.96875
F,43,"Siakam, Pascal",6 ft 8 in (2.03 m),230 lb (104 kg),1994-04-02,New Mexico State,Toronto Raptors,80,230,25.2640625
G/F,33,"Trent, Gary",6 ft 5 in (1.96 m),209 lb (95 kg),1999-01-18,Duke,Toronto Raptors,77,209,24.78107606679035
G,23,"VanVleet, Fred",6 ft 1 in (1.85 m),197 lb (89 kg),1994-02-25,Wichita State,Toronto Raptors,73,197,25.988177894539312
F,9,"Wilson, D. J.",6 ft 10 in (2.08 m),231 lb (105 kg),1996-02-19,Michigan,Toronto Raptors,82,231,24.151249256395005
F,21,"Young, Thaddeus",6 ft 8 in (2.03 m),235 lb (107 kg),1988-06-21,Georgia Tech,Toronto Raptors,80,235,25.81328125
G,2,"Ball, Lonzo",6 ft 6 in (1.98 m),190 lb (86 kg),1997-10-27,UCLA,Chicago Bulls,78,190,21.9543063773833
F/C,13,"Bradley, Tony",6 ft 10 in (2.08 m),248 lb (112 kg),1998-08-01,North Carolina,Chicago Bulls,82,248,25.928613920285546
G,6,"Caruso, Alex",6 ft 5 in (1.96 m),186 lb (84 kg),1994-02-28,Texas A&M,Chicago Bulls,77,186,22.05397200202395
G/F,11,"DeRozan, DeMar",6 ft 6 in (1.98 m),220 lb (100 kg),1989-08-07,USC,Chicago Bulls,78,220,25.42077580539119
G,12,"Dosunmu, Ayo",6 ft 4 in (1.93 m),200 lb (91 kg),2000-01-17,Illinois,Chicago Bulls,76,200,24.342105263157894
G,7,"Dragić, Goran",6 ft 3 in (1.91 m),190 lb (86 kg),1986-05-06,Slovenia,Chicago Bulls,75,190,23.74577777777778
C,3,"Drummond, Andre",6 ft 10 in (2.08 m),279 lb (127 kg),1993-08-10,Connecticut,Chicago Bulls,82,279,29.169690660321237
G,50,"Freeman-Liberty, Javon (TW)",6 ft 4 in (1.93 m),180 lb (82 kg),1999-10-20,DePaul,Chicago Bulls,76,180,21.907894736842106
G/F,24,"Green, Javonte",6 ft 5 in (1.96 m),205 lb (93 kg),1993-07-23,Radford,Chicago Bulls,77,205,24.306797099004893
F,5,"Jones, Derrick",6 ft 6 in (1.98 m),210 lb (95 kg),1997-02-15,UNLV,Chicago Bulls,78,210,24.265285996055226
G/F,8,"LaVine, Zach",6 ft 5 in (1.96 m),200 lb (91 kg),1995-03-10,UCLA,Chicago Bulls,77,200,23.713948389273064
F,34,"Lewis, Justin (TW)",6 ft 7 in (2.01 m),235 lb (107 kg),2002-04-12,Marquette,Chicago Bulls,79,235,26.470918122095817
F/C,19,"Simonović, Marko",6 ft 11 in (2.11 m),240 lb (109 kg),1999-10-15,Montenegro,Chicago Bulls,83,240,24.49121788358252
G/F,25,"Terry, Dalen",6 ft 7 in (2.01 m),195 lb (88 kg),2002-07-12,Arizona,Chicago Bulls,79,195,21.965229931100787
C,9,"Vučević, Nikola",6 ft 11 in (2.11 m),260 lb (118 kg),1990-10-24,USC,Chicago Bulls,83,260,26.5321527072144
G,0,"White, Coby",6 ft 4 in (1.93 m),195 lb (88 kg),2000-02-16,North Carolina,Chicago Bulls,76,195,23.73355263157895
F,44,"Williams, Patrick",6 ft 7 in (2.01 m),215 lb (98 kg),2001-08-26,Florida State,Chicago Bulls,79,215,24.218074026598302
G,30,"Agbaji, Ochai",6 ft 5 in (1.96 m),215 lb (98 kg),2000-04-20,Kansas,Cleveland Cavaliers,77,215,25.492494518468543
C,31,"Allen, Jarrett",6 ft 10 in (2.08 m),243 lb (110 kg),1998-04-21,Texas,Cleveland Cavaliers,82,243,25.405859607376563
G,10,"Garland, Darius",6 ft 1 in (1.85 m),192 lb (87 kg),2000-01-26,Vanderbilt,Cleveland Cavaliers,73,192,25.328579470820042
G,3,"LeVert, Caris",6 ft 6 in (1.98 m),205 lb (93 kg),1994-08-25,Michigan,Cleveland Cavaliers,78,205,23.687541091387246
F/C,0,"Love, Kevin",6 ft 8 in (2.03 m),251 lb (114 kg),1988-09-07,UCLA,Cleveland Cavaliers,80,251,27.57078125
C,33,"Lopez, Robin",7 ft 0 in (2.13 m),281 lb (127 kg),1988-04-01,Stanford,Cleveland Cavaliers,84,281,27.996456916099774
F,24,"Markkanen, Lauri",6 ft 11 in (2.11 m),240 lb (109 kg),1997-05-22,Arizona,Cleveland Cavaliers,83,240,24.49121788358252
F/C,4,"Mobley, Evan",6 ft 11 in (2.11 m),215 lb (98 kg),2001-06-18,USC,Cleveland Cavaliers,83,215,21.940049354042678
F,15,"Mobley, Isaiah (TW)",6 ft 10 in (2.08 m),240 lb (109 kg),1999-09-24,USC,Cleveland Cavaliers,82,240,25.09220701963117
G,5,"Nembhard, RJ (TW)",6 ft 4 in (1.93 m),200 lb (91 kg),1999-03-22,TCU,Cleveland Cavaliers,76,200,24.342105263157894
PG,19,"Neto, Raul",6 ft 2 in (1.88 m),180 lb (82 kg),1992-05-19,Brazil,Cleveland Cavaliers,74,180,23.10810810810811
G/F,35,"Okoro, Isaac",6 ft 5 in (1.96 m),225 lb (102 kg),2001-01-26,Auburn,Cleveland Cavaliers,77,225,26.678191937932198
F,16,"Osman, Cedi",6 ft 7 in (2.01 m),230 lb (104 kg),1995-04-08,Turkey,Cleveland Cavaliers,79,230,25.90770709822144
PG,99,"Rubio, Ricky",6 ft 3 in (1.91 m),190 lb (86 kg),1990-10-21,Spain,Cleveland Cavaliers,75,190,23.74577777777778
F,8,"Stevens, Lamar",6 ft 6 in (1.98 m),230 lb (104 kg),1997-07-09,Penn State,Cleveland Cavaliers,78,230,26.576265614727152
F,32,"Wade, Dean",6 ft 9 in (2.06 m),228 lb (103 kg),1996-11-20,Kansas State,Cleveland Cavaliers,81,228,24.429812528577962
G/F,9,"Windler, Dylan",6 ft 6 in (1.98 m),196 lb (89 kg),1996-09-22,Belmont,Cleveland Cavaliers,78,196,22.647600262984877
F,35,"Bagley, Marvin, III",6 ft 11 in (2.11 m),235 lb (107 kg),1999-03-14,Duke,Detroit Pistons,83,235,23.980984177674554
F,41,"Bey, Saddiq",6 ft 7 in (2.01 m),215 lb (98 kg),1999-04-09,Villanova,Detroit Pistons,79,215,24.218074026598302
G,45,"Boeheim, Buddy (TW)",6 ft 6 in (1.98 m),205 lb (93 kg),1999-11-11,Syracuse,Detroit Pistons,78,205,23.687541091387246
G,5,"Burks, Alec",6 ft 6 in (1.98 m),214 lb (97 kg),1991-07-20,Colorado,Detroit Pistons,78,214,24.72748191978961
G,2,"Cunningham, Cade",6 ft 6 in (1.98 m),220 lb (100 kg),2001-09-25,Oklahoma State,Detroit Pistons,78,220,25.42077580539119
G,6,"Diallo, Hamidou",6 ft 5 in (1.96 m),202 lb (92 kg),1998-07-31,Kentucky,Detroit Pistons,77,202,23.951087873165797
C,0,"Duren, Jalen",6 ft 10 in (2.08 m),250 lb (113 kg),2003-11-18,Memphis,Detroit Pistons,82,250,26.137715645449138
G,7,"Hayes, Killian",6 ft 5 in (1.96 m),195 lb (88 kg),2001-07-27,France,Detroit Pistons,77,195,23.12109967954124
G,23,"Ivey, Jaden",6 ft 4 in (1.93 m),195 lb (88 kg),2002-02-13,Purdue,Detroit Pistons,76,195,23.73355263157895
G,18,"Joseph, Cory",6 ft 3 in (1.91 m),200 lb (91 kg),1991-08-20,Texas,Detroit Pistons,75,200,24.995555555555555
F,8,"Key, Braxton (TW)",6 ft 8 in (2.03 m),225 lb (102 kg),1997-02-14,Virginia,Detroit Pistons,80,225,24.71484375
F,20,"Knox, Kevin",6 ft 7 in (2.01 m),215 lb (98 kg),1999-08-11,Kentucky,Detroit Pistons,79,215,24.218074026598302
G,38,"Lee, Saben",6 ft 2 in (1.88 m),183 lb (83 kg),1999-06-23,Vanderbilt,Detroit Pistons,74,183,23.493243243243242
F,12,"Livers, Isaiah",6 ft 6 in (1.98 m),232 lb (105 kg),1998-07-28,Michigan,Detroit Pistons,78,232,26.807363576594344
G,17,"McGruder, Rodney",6 ft 4 in (1.93 m),205 lb (93 kg),1991-07-29,Kansas State,Detroit Pistons,76,205,24.950657894736842
C,9,"Noel, Nerlens",6 ft 11 in (2.11 m),220 lb (100 kg),1994-04-10,Kentucky,Detroit Pistons,83,220,22.450283059950646
F/C,13,"Olynyk, Kelly",6 ft 11 in (2.11 m),240 lb (109 kg),1991-04-19,Gonzaga,Detroit Pistons,83,240,24.49121788358252
F/C,28,"Stewart, Isaiah",6 ft 8 in (2.03 m),250 lb (113 kg),2001-05-22,Washington,Detroit Pistons,80,250,27.4609375
F/C,88,"Bitadze, Goga",7 ft 0 in (2.13 m),250 lb (113 kg),1999-07-20,Georgia,Indiana Pacers,84,250,24.907879818594104
G/F,12,"Brissett, Oshae",6 ft 7 in (2.01 m),210 lb (95 kg),1998-06-20,Syracuse,Indiana Pacers,79,210,23.65486300272392
G,10,"Brown, Kendall (DP)",6 ft 8 in (2.03 m),205 lb (93 kg),2003-05-11,Baylor,Indiana Pacers,80,205,22.51796875
G,3,"Duarte, Chris",6 ft 5 in (1.96 m),190 lb (86 kg),1997-06-13,Oregon,Indiana Pacers,77,190,22.528250969809413
G,0,"Haliburton, Tyrese",6 ft 5 in (1.96 m),185 lb (84 kg),2000-02-29,Iowa State,Indiana Pacers,77,185,21.935402260077584
G,24,"Hield, Buddy",6 ft 4 in (1.93 m),220 lb (100 kg),1992-12-17,Oklahoma,Indiana Pacers,76,220,26.776315789473685
F,22,"Jackson, Isaiah",6 ft 10 in (2.08 m),205 lb (93 kg),2002-01-10,Kentucky,Indiana Pacers,82,205,21.432926829268293
G/F,00,"Mathurin, Bennedict",6 ft 7 in (2.01 m),210 lb (95 kg),2002-06-19,Arizona,Indiana Pacers,79,210,23.65486300272392
G,9,"McConnell, T. J.",6 ft 1 in (1.85 m),190 lb (86 kg),1992-03-25,Arizona,Indiana Pacers,73,190,25.064740101332333
G/F,2,"Nembhard, Andrew",6 ft 5 in (1.96 m),191 lb (87 kg),2000-01-16,Gonzaga,Indiana Pacers,77,191,22.646820711755776
G/F,23,"Nesmith, Aaron",6 ft 5 in (1.96 m),215 lb (98 kg),1999-10-16,Vanderbilt,Indiana Pacers,77,215,25.492494518468543
F/C,25,"Smith, Jalen",6 ft 10 in (2.08 m),215 lb (98 kg),2000-03-16,Maryland,Indiana Pacers,82,215,22.47843545508626
F,21,"Taylor, Terry",6 ft 5 in (1.96 m),230 lb (104 kg),1999-09-23,Austin Peay,Indiana Pacers,77,230,27.271040647664023
F/C,27,"Theis, Daniel",6 ft 9 in (2.06 m),245 lb (111 kg),1992-04-04,Germany,Indiana Pacers,81,245,26.251333638164915
F/C,33,"Turner, Myles",6 ft 11 in (2.11 m),250 lb (113 kg),1996-03-24,Texas,Indiana Pacers,83,250,25.51168529539846
G,7,"Allen, Grayson",6 ft 4 in (1.93 m),198 lb (90 kg),1995-10-08,Duke,Milwaukee Bucks,76,198,24.098684210526315
F,34,"Antetokounmpo, Giannis",6 ft 11 in (2.11 m),242 lb (110 kg),1994-12-06,Greece,Milwaukee Bucks,83,242,24.69531136594571
F,43,"Antetokounmpo, Thanasis",6 ft 6 in (1.98 m),219 lb (99 kg),1992-07-18,Greece,Milwaukee Bucks,78,219,25.305226824457595
G/F,0,"Beauchamp, MarJon",6 ft 6 in (1.98 m),199 lb (90 kg),2000-10-12,Yakima Valley,Milwaukee Bucks,78,199,22.99424720578567
G,5,"Carter, Jevon",6 ft 1 in (1.85 m),200 lb (91 kg),1995-09-14,West Virginia,Milwaukee Bucks,73,200,26.383936948770877
G/F,24,"Connaughton, Pat",6 ft 5 in (1.96 m),209 lb (95 kg),1993-01-06,Notre Dame,Milwaukee Bucks,77,209,24.78107606679035
G,20,"Green, A. J. (TW)",6 ft 4 in (1.93 m),190 lb (86 kg),1999-09-27,Northern Iowa,Milwaukee Bucks,76,190,23.125
G,3,"Hill, George",6 ft 4 in (1.93 m),188 lb (85 kg),1986-05-04,IUPUI,Milwaukee Bucks,76,188,22.88157894736842
G,21,"Holiday, Jrue",6 ft 3 in (1.91 m),205 lb (93 kg),1990-06-12,UCLA,Milwaukee Bucks,75,205,25.620444444444445
F/C,25,"Ibaka, Serge",6 ft 10 in (2.08 m),235 lb (107 kg),1989-09-18,Republic of the Congo,Milwaukee Bucks,82,235,24.56945270672219
G/F,00,"Ingles, Joe",6 ft 8 in (2.03 m),220 lb (100 kg),1987-10-02,Australia,Milwaukee Bucks,80,220,24.165625
C,11,"Lopez, Brook",7 ft 0 in (2.13 m),282 lb (128 kg),1988-04-01,Stanford,Milwaukee Bucks,84,282,28.09608843537415
F/C,54,"Mamukelashvili, Sandro (TW)",6 ft 9 in (2.06 m),240 lb (109 kg),1999-05-23,Seton Hall,Milwaukee Bucks,81,240,25.715592135345222
G,23,"Matthews, Wesley",6 ft 4 in (1.93 m),220 lb (100 kg),1986-10-14,Marquette,Milwaukee Bucks,76,220,26.776315789473685
G/F,22,"Middleton, Khris",6 ft 7 in (2.01 m),222 lb (101 kg),1991-08-12,Texas A&M,Milwaukee Bucks,79,222,25.006569460022433
F/C,9,"Portis, Bobby",6 ft 10 in (2.08 m),250 lb (113 kg),1995-02-10,Arkansas,Milwaukee Bucks,82,250,26.137715645449138
G,6,"Vildoza, Luca",6 ft 3 in (1.91 m),190 lb (86 kg),1995-08-11,Argentina,Milwaukee Bucks,75,190,23.74577777777778
G,28,"Wigginton, Lindell",6 ft 1 in (1.85 m),189 lb (86 kg),1998-03-28,Iowa State,Milwaukee Bucks,73,189,24.932820416588477
G,45,"Brown, Chaundee (TW)",6 ft 5 in (1.96 m),215 lb (98 kg),1998-12-04,Michigan,Atlanta Hawks,77,215,25.492494518468543
G,13,"Bogdanović, Bogdan",6 ft 6 in (1.98 m),225 lb (102 kg),1992-08-18,Serbia,Atlanta Hawks,78,225,25.99852071005917
C,15,"Capela, Clint",6 ft 10 in (2.08 m),256 lb (116 kg),1994-05-18,Switzerland,Atlanta Hawks,82,256,26.765020820939917
F/C,20,"Collins, John",6 ft 9 in (2.06 m),226 lb (103 kg),1997-09-23,Wake Forest,Atlanta Hawks,81,226,24.215515927450085
G,–,"Forrest, Trent (TW)",6 ft 4 in (1.93 m),210 lb (95 kg),1998-06-12,Florida State,Atlanta Hawks,76,210,25.55921052631579
F,14,"Griffin, AJ",6 ft 6 in (1.98 m),222 lb (101 kg),2003-08-25,Duke,Atlanta Hawks,78,222,25.651873767258383
F,–,"Harkless, Maurice",6 ft 7 in (2.01 m),220 lb (100 kg),1993-05-11,St. John's,Atlanta Hawks,79,220,24.78128505047268
G,–,"Holiday, Aaron",6 ft 0 in (1.83 m),185 lb (84 kg),1996-09-30,UCLA,Atlanta Hawks,72,185,25.087770061728396
G/F,–,"Holiday, Justin",6 ft 6 in (1.98 m),180 lb (82 kg),1989-04-05,Washington,Atlanta Hawks,78,180,20.798816568047336
G/F,12,"Hunter, De'Andre",6 ft 8 in (2.03 m),221 lb (100 kg),1997-12-02,Virginia,Atlanta Hawks,80,221,24.27546875
F,1,"Johnson, Jalen",6 ft 8 in (2.03 m),219 lb (99 kg),2001-12-18,Duke,Atlanta Hawks,80,219,24.05578125
F/C,8,"Kaminsky, Frank",7 ft 0 in (2.13 m),240 lb (109 kg),1993-04-04,Wisconsin,Atlanta Hawks,84,240,23.91156462585034
G/F,22,"Martin, Tyrese",6 ft 6 in (1.98 m),215 lb (98 kg),1999-03-07,Connecticut,Atlanta Hawks,78,215,24.843030900723207
G/F,4,"Mays, Skylar",6 ft 4 in (1.93 m),205 lb (93 kg),1997-09-05,LSU,Atlanta Hawks,76,205,24.950657894736842
G,5,"Murray, Dejounte",6 ft 4 in (1.93 m),188 lb (85 kg),1996-09-19,Washington,Atlanta Hawks,76,188,22.88157894736842
F/C,17,"Okongwu, Onyeka",6 ft 8 in (2.03 m),240 lb (109 kg),2000-12-11,USC,Atlanta Hawks,80,240,26.3625
G,11,"Young, Trae",6 ft 1 in (1.85 m),164 lb (74 kg),1998-09-19,Oklahoma,Atlanta Hawks,73,164,21.63482829799212
G,1,"Ball, LaMelo",6 ft 7 in (2.01 m),180 lb (82 kg),2001-08-22,SPIRE Academy (OH),Charlotte Hornets,79,180,20.27559685947765
G,2,"Bouknight, James",6 ft 4 in (1.93 m),190 lb (86 kg),2000-09-18,Connecticut,Charlotte Hornets,76,190,23.125
F,20,"Hayward, Gordon",6 ft 7 in (2.01 m),225 lb (102 kg),1990-03-23,Butler,Charlotte Hornets,79,225,25.34449607434706
F/C,23,"Jones, Kai",6 ft 10 in (2.08 m),221 lb (100 kg),2001-01-19,Texas,Charlotte Hornets,82,221,23.10574063057704
G,16,"Lewis, Scottie (TW)",6 ft 5 in (1.96 m),185 lb (84 kg),2000-03-12,Florida,Charlotte Hornets,77,185,21.935402260077584
F,11,"Martin, Cody",6 ft 6 in (1.98 m),205 lb (93 kg),1995-09-28,Nevada,Charlotte Hornets,78,205,23.687541091387246
F/C,6,"McDaniels, Jalen",6 ft 9 in (2.06 m),205 lb (93 kg),1998-01-31,San Diego State,Charlotte Hornets,81,205,21.965401615607377
G,7,"McGowens, Bryce (TW)",6 ft 7 in (2.01 m),179 lb (81 kg),2002-11-08,Nebraska,Charlotte Hornets,79,179,20.162954654702773
G/F,12,"Oubre, Kelly",6 ft 6 in (1.98 m),203 lb (92 kg),1995-12-09,Kansas,Charlotte Hornets,78,203,23.456443129520054
F/C,24,"Plumlee, Mason",6 ft 11 in (2.11 m),254 lb (115 kg),1990-03-05,Duke,Charlotte Hornets,83,254,25.919872260124837
C,14,"Richards, Nick",7 ft 0 in (2.13 m),245 lb (111 kg),1997-11-29,Kentucky,Charlotte Hornets,84,245,24.40972222222222
G,3,"Rozier, Terry",6 ft 1 in (1.85 m),190 lb (86 kg),1994-03-17,Louisville,Charlotte Hornets,73,190,25.064740101332333
F,21,"Thor, JT",6 ft 9 in (2.06 m),203 lb (92 kg),2002-08-26,Auburn,Charlotte Hornets,81,203,21.7511050144795
F,25,"Washington, P. J.",6 ft 7 in (2.01 m),230 lb (104 kg),1998-08-23,Kentucky,Charlotte Hornets,79,230,25.90770709822144
F/C,5,"Williams, Mark",7 ft 0 in (2.13 m),242 lb (110 kg),2001-12-16,Duke,Charlotte Hornets,84,242,24.110827664399093
F/C,13,"Adebayo, Bam",6 ft 9 in (2.06 m),255 lb (116 kg),1997-07-18,Kentucky,Miami Heat,81,255,27.3228166438043
F,22,"Butler, Jimmy",6 ft 7 in (2.01 m),230 lb (104 kg),1989-09-14,Marquette,Miami Heat,79,230,25.90770709822144
F,12,"Days, Darius (TW)",6 ft 7 in (2.01 m),245 lb (111 kg),1999-10-20,San Francisco,Miami Heat,79,245,27.597340169844575
C,21,"Dedmon, Dewayne",7 ft 0 in (2.13 m),245 lb (111 kg),1989-08-12,USC,Miami Heat,84,245,24.40972222222222
G,0,"Garrett, Marcus (TW)",6 ft 5 in (1.96 m),205 lb (93 kg),1998-11-09,Kansas,Miami Heat,77,205,24.306797099004893
F,40,"Haslem, Udonis",6 ft 8 in (2.03 m),235 lb (107 kg),1980-06-09,Florida,Miami Heat,80,235,25.81328125
G,14,"Herro, Tyler",6 ft 5 in (1.96 m),195 lb (88 kg),2000-01-20,Kentucky,Miami Heat,77,195,23.12109967954124
F,24,"Highsmith, Haywood",6 ft 4 in (1.93 m),220 lb (100 kg),1996-12-09,Wheeling,Miami Heat,76,220,26.776315789473685
F,5,"Jović, Nikola",6 ft 11 in (2.11 m),223 lb (101 kg),2003-06-09,Serbia,Miami Heat,83,223,22.756423283495426
G,7,"Lowry, Kyle",6 ft 0 in (1.83 m),196 lb (89 kg),1986-03-25,Villanova,Miami Heat,72,196,26.579475308641975
F,16,"Martin, Caleb",6 ft 5 in (1.96 m),205 lb (93 kg),1995-09-28,Nevada,Miami Heat,77,205,24.306797099004893
G,4,"Oladipo, Victor",6 ft 4 in (1.93 m),213 lb (97 kg),1992-05-04,Indiana,Miami Heat,76,213,25.924342105263158
F,55,"Robinson, Duncan",6 ft 7 in (2.01 m),215 lb (98 kg),1994-04-22,Michigan,Miami Heat,79,215,24.218074026598302
G/F,31,"Strus, Max",6 ft 5 in (1.96 m),215 lb (98 kg),1996-03-28,DePaul,Miami Heat,77,215,25.492494518468543
G,2,"Vincent, Gabe",6 ft 3 in (1.91 m),200 lb (91 kg),1996-06-14,UC Santa Barbara,Miami Heat,75,200,24.995555555555555
C,77,"Yurtseven, Ömer",6 ft 11 in (2.11 m),275 lb (125 kg),1998-06-19,Georgetown,Miami Heat,83,275,28.06285382493831
G,50,"Anthony, Cole",6 ft 3 in (1.91 m),185 lb (84 kg),2000-05-15,North Carolina,Orlando Magic,75,185,23.12088888888889
C,11,"Bamba, Mo",7 ft 0 in (2.13 m),231 lb (105 kg),1998-05-12,Texas,Orlando Magic,84,231,23.014880952380953
F,5,"Banchero, Paolo",6 ft 10 in (2.08 m),250 lb (113 kg),2002-11-12,Duke,Orlando Magic,82,250,26.137715645449138
F/C,10,"Bol, Bol",7 ft 2 in (2.18 m),220 lb (100 kg),1999-11-16,Oregon,Orlando Magic,86,220,20.91130340724716
G,30,"Cannady, Devin",6 ft 2 in (1.88 m),185 lb (84 kg),1996-05-21,Princeton,Orlando Magic,74,185,23.75
C,34,"Carter Jr., Wendell",6 ft 11 in (2.11 m),270 lb (122 kg),1999-04-16,Duke,Orlando Magic,83,270,27.552620119030337
G,20,"Fultz, Markelle",6 ft 4 in (1.93 m),209 lb (95 kg),1998-05-29,Washington,Orlando Magic,76,209,25.4375
G,13,"Hampton, R. J.",6 ft 4 in (1.93 m),175 lb (79 kg),2001-02-07,Little Elm HS (TX),Orlando Magic,76,175,21.299342105263158
G,14,"Harris, Gary",6 ft 4 in (1.93 m),210 lb (95 kg),1994-09-14,Michigan State,Orlando Magic,76,210,25.55921052631579
G,7,"Harris, Kevon (TW)",6 ft 6 in (1.98 m),216 lb (98 kg),1997-06-24,Stephen F. Austin,Orlando Magic,78,216,24.958579881656803
F,2,"Houstan, Caleb (DP)",6 ft 8 in (2.03 m),205 lb (93 kg),2003-01-09,Michigan,Orlando Magic,80,205,22.51796875
F,1,"Isaac, Jonathan",6 ft 11 in (2.11 m),230 lb (104 kg),1997-10-03,Florida State,Orlando Magic,83,230,23.470750471766586
F,3,"Okeke, Chuma",6 ft 6 in (1.98 m),229 lb (104 kg),1998-08-18,Auburn,Orlando Magic,78,229,26.460716633793556
G/F,31,"Ross, Terrence (C)",6 ft 7 in (2.01 m),206 lb (93 kg),1991-02-05,Washington,Orlando Magic,79,206,23.20429418362442
F,25,"Schofield, Admiral (TW)",6 ft 5 in (1.96 m),241 lb (109 kg),1997-03-30,Tennessee,Orlando Magic,77,241,28.575307809074044
G,4,"Suggs, Jalen",6 ft 5 in (1.96 m),205 lb (93 kg),2001-06-03,Gonzaga,Orlando Magic,77,205,24.306797099004893
F,22,"Wagner, Franz",6 ft 10 in (2.08 m),220 lb (100 kg),2001-08-27,Michigan,Orlando Magic,82,220,23.001189767995243
F/C,21,"Wagner, Moritz",6 ft 11 in (2.11 m),245 lb (111 kg),1997-04-26,Michigan,Orlando Magic,83,245,25.001451589490493
F,9,"Avdija, Deni",6 ft 9 in (2.06 m),210 lb (95 kg),2001-01-03,Israel,Washington Wizards,81,210,22.50114311842707
G/F,5,"Barton, Will",6 ft 6 in (1.98 m),181 lb (82 kg),1991-01-06,Memphis,Washington Wizards,78,181,20.914365548980932
G,3,"Beal, Bradley",6 ft 3 in (1.91 m),207 lb (94 kg),1993-06-28,Florida,Washington Wizards,75,207,25.8704
F/C,22,"Carey, Vernon",6 ft 9 in (2.06 m),270 lb (122 kg),2001-02-25,Duke,Washington Wizards,81,270,28.930041152263374
G,1,"Davis, Johnny",6 ft 5 in (1.96 m),194 lb (88 kg),2002-02-27,Wisconsin,Washington Wizards,77,194,23.002529937594872
C,21,"Gafford, Daniel",6 ft 10 in (2.08 m),234 lb (106 kg),1998-10-01,Arkansas,Washington Wizards,82,234,24.464901844140392
C,67,"Gibson, Taj",6 ft 9 in (2.06 m),232 lb (105 kg),1985-06-24,USC,Washington Wizards,81,232,24.858405730833713
F,16,"Gill, Anthony",6 ft 7 in (2.01 m),230 lb (104 kg),1992-10-17,Virginia,Washington Wizards,79,230,25.90770709822144
F,8,"Hachimura, Rui",6 ft 8 in (2.03 m),230 lb (104 kg),1998-02-08,Gonzaga,Washington Wizards,80,230,25.2640625
F,24,"Kispert, Corey",6 ft 6 in (1.98 m),224 lb (102 kg),1999-03-03,Gonzaga,Washington Wizards,78,224,25.882971729125575
F,33,"Kuzma, Kyle",6 ft 9 in (2.06 m),221 lb (100 kg),1995-07-24,Utah,Washington Wizards,81,221,23.67977442463039
C,–,"Maker, Makur",6 ft 11 in (2.11 m),236 lb (107 kg),2000-11-04,Howard,Washington Wizards,83,236,24.083030918856146
G,22,"Morris, Monté",6 ft 2 in (1.88 m),183 lb (83 kg),1995-06-27,Iowa State,Washington Wizards,74,183,23.493243243243242
F/C,6,"Porziņģis, Kristaps",7 ft 3 in (2.21 m),240 lb (109 kg),1995-08-02,Latvia,Washington Wizards,87,240,22.29092350376536
G,20,"Schakel, Jordan (TW)",6 ft 6 in (1.98 m),200 lb (91 kg),1998-06-13,San Diego State,Washington Wizards,78,200,23.109796186719265
F,14,"Todd, Isaiah",6 ft 9 in (2.06 m),219 lb (99 kg),2001-10-17,Word of God (NC),Washington Wizards,81,219,23.465477823502514
G,55,"Wright, Delon",6 ft 5 in (1.96 m),185 lb (84 kg),1992-04-26,Utah,Washington Wizards,77,185,21.935402260077584
G,0,"Braun, Christian",6 ft 7 in (2.01 m),200 lb (91 kg),2001-04-17,Kansas,Denver Nuggets,79,200,22.528440954975164
G/F,11,"Brown, Bruce",6 ft 4 in (1.93 m),202 lb (92 kg),1996-08-15,Miami (FL),Denver Nuggets,76,202,24.585526315789473
G,5,"Caldwell-Pope, Kentavious",6 ft 5 in (1.96 m),204 lb (93 kg),1993-02-18,Georgia,Denver Nuggets,77,204,24.188227357058526
F,31,"Čančar, Vlatko",6 ft 8 in (2.03 m),236 lb (107 kg),1997-04-10,Slovenia,Denver Nuggets,80,236,25.923125
G,21,"Gillespie, Collin (TW)",6 ft 3 in (1.91 m),195 lb (88 kg),1999-06-25,Villanova,Denver Nuggets,75,195,24.370666666666665
F,50,"Gordon, Aaron",6 ft 8 in (2.03 m),235 lb (107 kg),1995-09-16,Arizona,Denver Nuggets,80,235,25.81328125
F,32,"Green, Jeff",6 ft 8 in (2.03 m),235 lb (107 kg),1986-08-28,Georgetown,Denver Nuggets,80,235,25.81328125
G,3,"Hyland, Bones",6 ft 2 in (1.88 m),169 lb (77 kg),2000-09-14,VCU,Denver Nuggets,74,169,21.695945945945947
C,15,"Jokić, Nikola (C)",6 ft 11 in (2.11 m),284 lb (129 kg),1995-02-19,Serbia,Denver Nuggets,83,284,28.981274495572652
C,6,"Jordan, DeAndre",6 ft 11 in (2.11 m),265 lb (120 kg),1988-07-21,Texas A&M,Denver Nuggets,83,265,27.04238641312237
C,--,"Kamagate, Ismaël (DP)",6 ft 11 in (2.11 m),220 lb (100 kg),2001-01-17,France,Denver Nuggets,83,220,22.450283059950646
G,27,"Murray, Jamal",6 ft 3 in (1.91 m),215 lb (98 kg),1997-02-23,Kentucky,Denver Nuggets,75,215,26.87022222222222
F/C,22,"Nnaji, Zeke",6 ft 9 in (2.06 m),240 lb (109 kg),2001-01-09,Arizona,Denver Nuggets,81,240,25.715592135345222
F,1,"Porter, Michael",6 ft 10 in (2.08 m),218 lb (99 kg),1998-06-29,Missouri,Denver Nuggets,82,218,22.792088042831647
G,9,"Reed, Davon",6 ft 5 in (1.96 m),208 lb (94 kg),1995-06-11,Miami (FL),Denver Nuggets,77,208,24.66250632484399
G,14,"Smith, Ish",6 ft 0 in (1.83 m),175 lb (79 kg),1988-07-05,Wake Forest,Denver Nuggets,72,175,23.73167438271605
G/F,8,"Watson, Peyton",6 ft 8 in (2.03 m),200 lb (91 kg),2002-09-11,UCLA,Denver Nuggets,80,200,21.96875
F,10,"White, Jack (TW)",6 ft 7 in (2.01 m),225 lb (102 kg),1997-08-05,Duke,Denver Nuggets,79,225,25.34449607434706
G/F,5,"Anderson, Kyle",6 ft 9 in (2.06 m),230 lb (104 kg),1993-09-20,UCLA,Minnesota Timberwolves,81,230,24.64410912970584
G,1,"Edwards, Anthony",6 ft 5 in (1.96 m),225 lb (102 kg),2001-08-05,Georgia,Minnesota Timberwolves,77,225,26.678191937932198
G,10,"Forbes, Bryn",6 ft 2 in (1.88 m),205 lb (93 kg),1993-07-23,Michigan State,Minnesota Timberwolves,74,205,26.31756756756757
C,27,"Gobert, Rudy",7 ft 1 in (2.16 m),258 lb (117 kg),1992-06-26,France,Minnesota Timberwolves,85,258,25.103667820069205
G,00,"Lawson, A. J. (TW)",6 ft 6 in (1.98 m),179 lb (81 kg),2000-07-15,South Carolina,Minnesota Timberwolves,78,179,20.68326758711374
F,3,"McDaniels, Jaden",6 ft 9 in (2.06 m),185 lb (84 kg),2000-09-29,Washington,Minnesota Timberwolves,81,185,19.822435604328607
G,6,"McLaughlin, Jordan",5 ft 11 in (1.80 m),185 lb (84 kg),1996-04-09,USC,Minnesota Timberwolves,71,185,25.799444554651856
F,20,"Minott, Josh",6 ft 8 in (2.03 m),205 lb (93 kg),2002-11-25,Memphis,Minnesota Timberwolves,80,205,22.51796875
G,7,"Moore, Wendell, Jr.",6 ft 5 in (1.96 m),213 lb (97 kg),2001-09-18,Duke,Minnesota Timberwolves,77,213,25.255355034575814
G,4,"Nowell, Jaylen",6 ft 4 in (1.93 m),201 lb (91 kg),1999-07-09,Washington,Minnesota Timberwolves,76,201,24.463815789473685
F,–,"Paschall, Eric (TW)",6 ft 7 in (2.01 m),255 lb (116 kg),1996-11-04,Villanova,Minnesota Timberwolves,79,255,28.723762217593336
F,12,"Prince, Taurean",6 ft 7 in (2.01 m),218 lb (99 kg),1994-03-22,Baylor,Minnesota Timberwolves,79,218,24.556000640922928
F/C,11,"Reid, Naz",6 ft 10 in (2.08 m),264 lb (120 kg),1999-08-26,LSU,Minnesota Timberwolves,82,264,27.601427721594288
G,25,"Rivers, Austin",6 ft 4 in (1.93 m),200 lb (91 kg),1992-08-01,Duke,Minnesota Timberwolves,76,200,24.342105263157894
G,0,"Russell, D'Angelo",6 ft 4 in (1.93 m),193 lb (88 kg),1996-02-23,Ohio State,Minnesota Timberwolves,76,193,23.49013157894737
F/C,32,"Towns, Karl-Anthony",6 ft 11 in (2.11 m),248 lb (112 kg),1995-11-15,Kentucky,Minnesota Timberwolves,83,248,25.307591813035273
G/F,55,"Bazley, Darius",6 ft 8 in (2.03 m),208 lb (94 kg),2000-06-12,Princeton HS (OH),Oklahoma City Thunder,80,208,22.8475
F,13,"Dieng, Ousmane",6 ft 10 in (2.08 m),205 lb (93 kg),2003-05-21,France,Oklahoma City Thunder,82,205,21.432926829268293
G,5,"Dort, Luguentz",6 ft 3 in (1.91 m),215 lb (98 kg),1999-04-19,Arizona State,Oklahoma City Thunder,75,215,26.87022222222222
F,15,"Favors, Derrick",6 ft 9 in (2.06 m),265 lb (120 kg),1991-07-15,Georgia Tech,Oklahoma City Thunder,81,265,28.39429964944368
G,3,"Giddey, Josh",6 ft 8 in (2.03 m),205 lb (93 kg),2002-10-10,Australia,Oklahoma City Thunder,80,205,22.51796875
G,2,"Gilgeous-Alexander, Shai",6 ft 6 in (1.98 m),180 lb (82 kg),1998-07-12,Kentucky,Oklahoma City Thunder,78,180,20.798816568047336
F/C,7,"Holmgren, Chet",7 ft 0 in (2.13 m),195 lb (88 kg),2002-05-01,Gonzaga,Oklahoma City Thunder,84,195,19.4281462585034
G/F,16,"Jerome, Ty",6 ft 5 in (1.96 m),195 lb (88 kg),1997-07-08,Virginia,Oklahoma City Thunder,77,195,23.12109967954124
G,27,"Krejčí, Vít",6 ft 8 in (2.03 m),195 lb (88 kg),2000-06-19,Czech Republic,Oklahoma City Thunder,80,195,21.41953125
G,11,"Maledon, Théo",6 ft 4 in (1.93 m),175 lb (79 kg),2001-06-12,France,Oklahoma City Thunder,76,175,21.299342105263158
G,23,"Mann, Tre",6 ft 5 in (1.96 m),190 lb (86 kg),2001-02-03,Florida,Oklahoma City Thunder,77,190,22.528250969809413
F/C,33,"Muscala, Mike",6 ft 10 in (2.08 m),240 lb (109 kg),1991-07-01,Bucknell,Oklahoma City Thunder,82,240,25.09220701963117
F,97,"Omoruyi, Eugene (TW)",6 ft 6 in (1.98 m),235 lb (107 kg),1997-02-14,Oregon,Oklahoma City Thunder,78,235,27.154010519395136
F,17,"Pokuševski, Aleksej",7 ft 0 in (2.13 m),190 lb (86 kg),2001-12-26,Serbia,Oklahoma City Thunder,84,190,18.92998866213152
F,50,"Robinson-Earl, Jeremiah",6 ft 9 in (2.06 m),230 lb (104 kg),2000-11-03,Villanova,Oklahoma City Thunder,81,230,24.64410912970584
G,12,"Waters III, Lindy (TW)",6 ft 6 in (1.98 m),215 lb (98 kg),1997-07-28,Oklahoma State,Oklahoma City Thunder,78,215,24.843030900723207
G,21,"Wiggins, Aaron",6 ft 6 in (1.98 m),200 lb (91 kg),1999-01-02,Maryland,Oklahoma City Thunder,78,200,23.109796186719265
G/F,8,"Williams, Jalen",6 ft 6 in (1.98 m),195 lb (88 kg),2001-04-14,Santa Clara,Oklahoma City Thunder,78,195,22.53205128205128
F,6,"Williams, Jaylin",6 ft 10 in (2.08 m),240 lb (109 kg),2002-06-29,Arkansas,Oklahoma City Thunder,82,240,25.09220701963117
G/F,34,"Williams, Kenrich",6 ft 6 in (1.98 m),210 lb (95 kg),1994-12-02,TCU,Oklahoma City Thunder,78,210,24.265285996055226
F,4,"Brown, Greg",6 ft 7 in (2.01 m),206 lb (93 kg),2001-09-01,Texas,Portland Trail Blazers,79,206,23.20429418362442
C,24,"Eubanks, Drew",6 ft 10 in (2.08 m),245 lb (111 kg),1997-02-01,Oregon State,Portland Trail Blazers,82,245,25.614961332540155
F,9,"Grant, Jerami",6 ft 8 in (2.03 m),210 lb (95 kg),1994-03-12,Syracuse,Portland Trail Blazers,80,210,23.0671875
G,11,"Hart, Josh",6 ft 5 in (1.96 m),215 lb (98 kg),1995-03-06,Villanova,Portland Trail Blazers,77,215,25.492494518468543
G,6,"Johnson, Keon",6 ft 4 in (1.93 m),185 lb (84 kg),2002-03-10,Tennessee,Portland Trail Blazers,76,185,22.51644736842105
G,0,"Lillard, Damian",6 ft 2 in (1.88 m),195 lb (88 kg),1990-07-15,Weber State,Portland Trail Blazers,74,195,25.033783783783782
G/F,10,"Little, Nassir",6 ft 5 in (1.96 m),220 lb (100 kg),2000-02-11,North Carolina,Portland Trail Blazers,77,220,26.085343228200372
G,–,"Miller, Isaiah",6 ft 0 in (1.83 m),190 lb (86 kg),1998-11-09,UNC Greensboro,Portland Trail Blazers,72,190,25.765817901234566
C,27,"Nurkić, Jusuf",6 ft 11 in (2.11 m),290 lb (132 kg),1994-08-23,Bosnia and Herzegovina,Portland Trail Blazers,83,290,29.593554942662216
G,00,"Payton II, Gary",6 ft 3 in (1.91 m),195 lb (88 kg),1992-12-01,Oregon State,Portland Trail Blazers,75,195,24.370666666666665
F/C,–,"Pelle, Norvel",6 ft 10 in (2.08 m),231 lb (105 kg),1993-02-03,Frederick K.C. Price (CA),Portland Trail Blazers,82,231,24.151249256395005
G/F,–,"Rhoden, Jared",6 ft 6 in (1.98 m),210 lb (95 kg),1999-08-27,Seton Hall,Portland Trail Blazers,78,210,24.265285996055226
G,17,"Sharpe, Shaedon (DP)",6 ft 6 in (1.98 m),198 lb (90 kg),2003-05-30,Dream City Christian (AZ),Portland Trail Blazers,78,198,22.87869822485207
G,1,"Simons, Anfernee",6 ft 3 in (1.91 m),181 lb (82 kg),1999-06-08,IMG Academy (FL),Portland Trail Blazers,75,181,22.620977777777778
F,34,"Walker, Jabari (DP)",6 ft 9 in (2.06 m),215 lb (98 kg),2002-07-30,Colorado,Portland Trail Blazers,81,215,23.03688462124676
F,2,"Watford, Trendon",6 ft 8 in (2.03 m),237 lb (108 kg),2000-11-09,LSU,Portland Trail Blazers,80,237,26.03296875
G,8,"Williams, Brandon (TW)",6 ft 2 in (1.88 m),190 lb (86 kg),1999-11-22,Arizona,Portland Trail Blazers,74,190,24.39189189189189
G/F,26,"Winslow, Justise",6 ft 6 in (1.98 m),222 lb (101 kg),1997-03-18,Duke,Portland Trail Blazers,78,222,25.651873767258383
G,6,"Alexander-Walker, Nickeil",6 ft 5 in (1.96 m),205 lb (93 kg),1998-09-02,Virginia Tech,Utah Jazz,77,205,24.306797099004893
F/C,20,"Azubuike, Udoka",7 ft 0 in (2.13 m),270 lb (122 kg),1999-09-17,Kansas,Utah Jazz,84,270,26.900510204081634
G,5,"Beasley, Malik",6 ft 4 in (1.93 m),187 lb (85 kg),1996-11-26,Florida State,Utah Jazz,76,187,22.75986842105263
F,44,"Bogdanović, Bojan",6 ft 7 in (2.01 m),226 lb (103 kg),1989-04-18,Croatia,Utah Jazz,79,226,25.457138279121935
F,10,"Bolmaro, Leandro",6 ft 6 in (1.98 m),200 lb (91 kg),2000-09-11,Argentina,Utah Jazz,78,200,23.109796186719265
G,13,"Butler, Jared",6 ft 3 in (1.91 m),193 lb (88 kg),2000-08-25,Baylor,Utah Jazz,75,193,24.12071111111111
G,00,"Clarkson, Jordan",6 ft 4 in (1.93 m),194 lb (88 kg),1992-06-07,Missouri,Utah Jazz,76,194,23.611842105263158
G,11,"Conley, Mike",6 ft 1 in (1.85 m),175 lb (79 kg),1987-10-11,Ohio State,Utah Jazz,73,175,23.085944830174515
F,16,"Fontecchio, Simone",6 ft 8 in (2.03 m),209 lb (95 kg),1995-12-09,Italy,Utah Jazz,80,209,22.95734375
G/F,8,"Gay, Rudy",6 ft 8 in (2.03 m),250 lb (113 kg),1986-08-17,Connecticut,Utah Jazz,80,250,27.4609375
G,0,"Horton-Tucker, Talen",6 ft 4 in (1.93 m),234 lb (106 kg),2000-11-25,Iowa State,Utah Jazz,76,234,28.480263157894736
F,2,"Johnson, Stanley",6 ft 6 in (1.98 m),242 lb (110 kg),1996-05-29,Arizona,Utah Jazz,78,242,27.96285338593031
G,33,"Juzang, Johnny (TW)",6 ft 5 in (1.96 m),209 lb (95 kg),2001-03-17,UCLA,Utah Jazz,77,209,24.78107606679035
F/C,24,"Kessler, Walker",7 ft 1 in (2.16 m),245 lb (111 kg),2001-07-26,Auburn,Utah Jazz,85,245,23.838754325259515
G,45,"Mitchell, Donovan",6 ft 1 in (1.85 m),215 lb (98 kg),1996-09-07,Louisville,Utah Jazz,73,215,28.36273221992869
F,19,"Sneed, Xavier (TW)",6 ft 5 in (1.96 m),215 lb (98 kg),1997-12-21,Kansas State,Utah Jazz,77,215,25.492494518468543
F,–,"Vanderbilt, Jarred",6 ft 9 in (2.06 m),214 lb (97 kg),1999-04-03,Kentucky,Utah Jazz,81,214,22.929736320682824
F,7,"Baldwin, Patrick, Jr.",6 ft 9 in (2.06 m),215 lb (98 kg),2002-11-18,Milwaukee,Golden State Warriors,81,215,23.03688462124676
G,30,"Curry, Stephen (C)",6 ft 2 in (1.88 m),185 lb (84 kg),1988-03-14,Davidson,Golden State Warriors,74,185,23.75
G,0,"DiVincenzo, Donte",6 ft 4 in (1.93 m),203 lb (92 kg),1997-01-31,Villanova,Golden State Warriors,76,203,24.707236842105264
F,23,"Green, Draymond (C)",6 ft 6 in (1.98 m),230 lb (104 kg),1990-03-04,Michigan State,Golden State Warriors,78,230,26.576265614727152
F/C,1,"Green, JaMychal",6 ft 8 in (2.03 m),227 lb (103 kg),1990-06-21,Alabama,Golden State Warriors,80,227,24.93453125
F,00,"Kuminga, Jonathan",6 ft 7 in (2.01 m),225 lb (102 kg),2002-10-06,The Patrick School (NJ),Golden State Warriors,79,225,25.34449607434706
F,5,"Looney, Kevon",6 ft 9 in (2.06 m),222 lb (101 kg),1996-02-06,UCLA,Golden State Warriors,81,222,23.78692272519433
G,10,"McClung, Mac",6 ft 2 in (1.88 m),185 lb (84 kg),1999-01-06,Texas Tech,Golden State Warriors,74,185,23.75
G,4,"Moody, Moses",6 ft 5 in (1.96 m),211 lb (96 kg),2002-05-31,Arkansas,Golden State Warriors,77,211,25.018215550683085
G,3,"Poole, Jordan",6 ft 4 in (1.93 m),194 lb (88 kg),1999-06-19,Michigan,Golden State Warriors,76,194,23.611842105263158
G,25,"Quiñones, Lester (TW)",6 ft 5 in (1.96 m),208 lb (94 kg),1999-11-16,Memphis,Golden State Warriors,77,208,24.66250632484399
G,2,"Rollins, Ryan",6 ft 4 in (1.93 m),180 lb (82 kg),2002-07-03,Toledo,Golden State Warriors,76,180,21.907894736842106
F,15,"Santos, Gui",6 ft 8 in (2.03 m),209 lb (95 kg),2002-06-22,Brazil,Golden State Warriors,80,209,22.95734375
G,11,"Thompson, Klay (C)",6 ft 6 in (1.98 m),220 lb (100 kg),1990-02-08,Washington State,Golden State Warriors,78,220,25.42077580539119
G,12,"Weatherspoon, Quinndary (TW, FA)",6 ft 3 in (1.91 m),205 lb (93 kg),1996-09-10,Mississippi State,Golden State Warriors,75,205,25.620444444444445
F,22,"Wiggins, Andrew",6 ft 7 in (2.01 m),197 lb (89 kg),1995-02-23,Kansas,Golden State Warriors,79,197,22.190514340650537
C,33,"Wiseman, James",7 ft 0 in (2.13 m),240 lb (109 kg),2001-03-31,Memphis,Golden State Warriors,84,240,23.91156462585034
G/F,33,"Batum, Nicolas",6 ft 8 in (2.03 m),230 lb (104 kg),1988-12-14,France,Los Angeles Clippers,80,230,25.2640625
G,4,"Boston, Brandon",6 ft 6 in (1.98 m),188 lb (85 kg),2001-11-28,Kentucky,Los Angeles Clippers,78,188,21.72320841551611
C,34,"Brown, Moses",7 ft 2 in (2.18 m),245 lb (111 kg),1999-10-13,UCLA,Los Angeles Clippers,86,245,23.287587885343427
G/F,7,"Coffey, Amir",6 ft 7 in (2.01 m),210 lb (95 kg),1997-06-17,Minnesota,Los Angeles Clippers,79,210,23.65486300272392
F,23,"Covington, Robert",6 ft 7 in (2.01 m),209 lb (95 kg),1990-12-14,Tennessee State,Los Angeles Clippers,79,209,23.542220797949046
F,25,"Diabaté, Moussa (TW)",6 ft 11 in (2.11 m),210 lb (95 kg),2002-01-21,Michigan,Los Angeles Clippers,83,210,21.429815648134706
G/F,13,"George, Paul",6 ft 8 in (2.03 m),220 lb (100 kg),1990-05-02,Fresno State,Los Angeles Clippers,80,220,24.165625
G,1,"Jackson, Reggie",6 ft 2 in (1.88 m),208 lb (94 kg),1990-04-16,Boston College,Los Angeles Clippers,74,208,26.7027027027027
G,5,"Kennard, Luke",6 ft 5 in (1.96 m),206 lb (93 kg),1996-06-24,Duke,Los Angeles Clippers,77,206,24.425366840951256
F,2,"Leonard, Kawhi",6 ft 7 in (2.01 m),225 lb (102 kg),1991-06-29,San Diego State,Los Angeles Clippers,79,225,25.34449607434706
G/F,14,"Mann, Terance",6 ft 5 in (1.96 m),215 lb (98 kg),1996-10-18,Florida State,Los Angeles Clippers,77,215,25.492494518468543
G,15,"Moon, Xavier (TW)",6 ft 2 in (1.88 m),165 lb (75 kg),1995-01-02,Morehead State,Los Angeles Clippers,74,165,21.18243243243243
F,8,"Morris, Marcus",6 ft 8 in (2.03 m),218 lb (99 kg),1989-09-02,Kansas,Los Angeles Clippers,80,218,23.9459375
G,24,"Powell, Norman",6 ft 3 in (1.91 m),215 lb (98 kg),1993-05-25,UCLA,Los Angeles Clippers,75,215,26.87022222222222
G,17,"Preston, Jason",6 ft 3 in (1.91 m),181 lb (82 kg),1999-08-10,Ohio,Los Angeles Clippers,75,181,22.620977777777778
G,11,"Wall, John",6 ft 3 in (1.91 m),210 lb (95 kg),1990-09-06,Kentucky,Los Angeles Clippers,75,210,26.245333333333335
C,40,"Zubac, Ivica",7 ft 1 in (2.16 m),240 lb (109 kg),1997-03-18,Croatia,Los Angeles Clippers,85,240,23.352249134948096
G,21,"Beverley, Patrick",6 ft 1 in (1.85 m),180 lb (82 kg),1988-07-12,Arkansas,Los Angeles Lakers,73,180,23.74554325389379
G/F,7,"Brown, Troy, Jr.",6 ft 6 in (1.98 m),215 lb (98 kg),1999-07-28,Oregon,Los Angeles Lakers,78,215,24.843030900723207
C,31,"Bryant, Thomas",6 ft 10 in (2.08 m),248 lb (112 kg),1997-07-31,Indiana,Los Angeles Lakers,82,248,25.928613920285546
G,10,"Christie, Max",6 ft 6 in (1.98 m),190 lb (86 kg),2003-02-10,Michigan State,Los Angeles Lakers,78,190,21.9543063773833
F/C,3,"Davis, Anthony (C)",6 ft 10 in (2.08 m),253 lb (115 kg),1993-03-11,Kentucky,Los Angeles Lakers,82,253,26.451368233194525
F,35,"Gabriel, Wenyen",6 ft 9 in (2.06 m),205 lb (93 kg),1997-03-26,Kentucky,Los Angeles Lakers,81,205,21.965401615607377
C,–,"Huff, Jay",7 ft 1 in (2.16 m),240 lb (109 kg),1998-08-25,Virginia,Los Angeles Lakers,85,240,23.352249134948096
F,6,"James, LeBron (C)",6 ft 9 in (2.06 m),250 lb (113 kg),1984-12-30,St. Vincent-St. Mary HS (OH),Los Angeles Lakers,81,250,26.787075140984605
C,30,"Jones, Damian",6 ft 11 in (2.11 m),245 lb (111 kg),1995-06-30,Vanderbilt,Los Angeles Lakers,83,245,25.001451589490493
G,46,"McCoy, Javante",6 ft 5 in (1.96 m),180 lb (82 kg),1998-01-24,Boston University,Los Angeles Lakers,77,180,21.34255355034576
G,12,"Nunn, Kendrick",6 ft 2 in (1.88 m),190 lb (86 kg),1995-08-03,Oakland,Los Angeles Lakers,74,190,24.39189189189189
G,1,"Pippen, Scotty, Jr. (TW)",6 ft 3 in (1.91 m),170 lb (77 kg),2000-11-10,Vanderbilt,Los Angeles Lakers,75,170,21.246222222222222
G,15,"Reaves, Austin",6 ft 5 in (1.96 m),197 lb (89 kg),1998-05-29,Oklahoma,Los Angeles Lakers,77,197,23.358239163433968
F,–,"Swider, Cole (TW)",6 ft 9 in (2.06 m),220 lb (100 kg),1999-05-08,Syracuse,Los Angeles Lakers,81,220,23.572626124066453
F,95,"Toscano-Anderson, Juan",6 ft 6 in (1.98 m),209 lb (95 kg),1993-04-10,Marquette,Los Angeles Lakers,78,209,24.14973701512163
G,4,"Walker, Lonnie, IV",6 ft 4 in (1.93 m),204 lb (93 kg),1998-12-14,Miami (FL),Los Angeles Lakers,76,204,24.82894736842105
G,0,"Westbrook, Russell",6 ft 3 in (1.91 m),200 lb (91 kg),1988-11-12,UCLA,Los Angeles Lakers,75,200,24.995555555555555
F,49,"White, Fabian, Jr.",6 ft 8 in (2.03 m),230 lb (104 kg),1998-11-29,Houston,Los Angeles Lakers,80,230,25.2640625
C,22,"Ayton, Deandre",6 ft 11 in (2.11 m),250 lb (113 kg),1998-07-23,Arizona,Phoenix Suns,83,250,25.51168529539846
C,18,"Biyombo, Bismack",6 ft 8 in (2.03 m),255 lb (116 kg),1992-08-28,Democratic Republic of the Congo,Phoenix Suns,80,255,28.01015625
G,1,"Booker, Devin",6 ft 5 in (1.96 m),206 lb (93 kg),1996-10-30,Kentucky,Phoenix Suns,77,206,24.425366840951256
F,25,"Bridges, Mikal",6 ft 6 in (1.98 m),209 lb (95 kg),1996-08-30,Villanova,Phoenix Suns,78,209,24.14973701512163
G,0,"Craig, Torrey",6 ft 7 in (2.01 m),221 lb (100 kg),1990-12-19,USC Upstate,Phoenix Suns,79,221,24.893927255247558
F,99,"Crowder, Jae",6 ft 6 in (1.98 m),235 lb (107 kg),1990-07-06,Marquette,Phoenix Suns,78,235,27.154010519395136
F,23,"Johnson, Cameron",6 ft 8 in (2.03 m),210 lb (95 kg),1996-03-03,North Carolina,Phoenix Suns,80,210,23.0671875
C,34,"Landale, Jock",6 ft 11 in (2.11 m),255 lb (116 kg),1995-10-25,Saint Mary's,Phoenix Suns,83,255,26.02191900130643
G/F,11,"Lee, Damion",6 ft 5 in (1.96 m),210 lb (95 kg),1992-10-21,Louisville,Phoenix Suns,77,210,24.899645808736718
G/F,21,"Okogie, Josh",6 ft 4 in (1.93 m),213 lb (97 kg),1998-09-01,Georgia Tech,Phoenix Suns,76,213,25.924342105263158
G,3,"Paul, Chris",6 ft 0 in (1.83 m),175 lb (79 kg),1985-05-06,Wake Forest,Phoenix Suns,72,175,23.73167438271605
G,15,"Payne, Cameron",6 ft 1 in (1.85 m),183 lb (83 kg),1994-08-08,Murray State,Phoenix Suns,73,183,24.14130230812535
F,20,"Šarić, Dario",6 ft 10 in (2.08 m),225 lb (102 kg),1994-04-08,Croatia,Phoenix Suns,82,225,23.523944080904222
G,14,"Shamet, Landry",6 ft 4 in (1.93 m),190 lb (86 kg),1997-03-13,Wichita State,Phoenix Suns,76,190,23.125
F,12,"Wainright, Ish (TW)",6 ft 5 in (1.96 m),240 lb (109 kg),1994-09-12,Baylor,Phoenix Suns,77,240,28.456738067127677
G,--,"Washington, Duane (TW)",6 ft 3 in (1.91 m),197 lb (89 kg),2000-03-24,Ohio State,Phoenix Suns,75,197,24.620622222222224
F,40,"Barnes, Harrison",6 ft 8 in (2.03 m),225 lb (102 kg),1992-05-30,North Carolina,Sacramento Kings,80,225,24.71484375
G,3,"Davis, Terence",6 ft 4 in (1.93 m),201 lb (91 kg),1997-05-16,Mississippi,Sacramento Kings,76,201,24.463815789473685
G,34,"Ellis, Keon (TW)",6 ft 4 in (1.93 m),167 lb (76 kg),2000-01-08,Alabama,Sacramento Kings,76,167,20.325657894736842
G,5,"Fox, De'Aaron",6 ft 3 in (1.91 m),185 lb (84 kg),1997-12-20,Kentucky,Sacramento Kings,75,185,23.12088888888889
F,22,"Holmes, Richaun",6 ft 10 in (2.08 m),235 lb (107 kg),1993-10-15,Bowling Green,Sacramento Kings,82,235,24.56945270672219
G/F,9,"Huerter, Kevin",6 ft 7 in (2.01 m),198 lb (90 kg),1998-08-27,Maryland,Sacramento Kings,79,198,22.303156545425413
C,25,"Len, Alex",7 ft 0 in (2.13 m),250 lb (113 kg),1993-06-16,Maryland,Sacramento Kings,84,250,24.907879818594104
F,41,"Lyles, Trey",6 ft 9 in (2.06 m),234 lb (106 kg),1995-11-05,Kentucky,Sacramento Kings,81,234,25.07270233196159
G,–,"Merrill, Sam",6 ft 4 in (1.93 m),197 lb (89 kg),1996-05-15,Utah State,Sacramento Kings,76,197,23.976973684210527
F/C,7,"Metu, Chimezie",6 ft 9 in (2.06 m),225 lb (102 kg),1997-03-22,USC,Sacramento Kings,81,225,24.108367626886146
G,15,"Mitchell, Davion",6 ft 0 in (1.83 m),202 lb (92 kg),1998-09-05,Baylor,Sacramento Kings,72,202,27.393132716049383
F,–,"Moneke, Chima",6 ft 6 in (1.98 m),209 lb (95 kg),1995-12-24,UC Davis,Sacramento Kings,78,209,24.14973701512163
G,0,"Monk, Malik",6 ft 3 in (1.91 m),200 lb (91 kg),1998-02-04,Kentucky,Sacramento Kings,75,200,24.995555555555555
F,13,"Murray, Keegan",6 ft 8 in (2.03 m),215 lb (98 kg),2000-08-19,Iowa,Sacramento Kings,80,215,23.61640625
F,8,"Okpala, KZ",6 ft 8 in (2.03 m),215 lb (98 kg),1999-04-28,Stanford,Sacramento Kings,80,215,23.61640625
C,88,"Queta, Neemias (TW)",6 ft 11 in (2.11 m),248 lb (112 kg),1999-07-13,Utah State,Sacramento Kings,83,248,25.307591813035273
F/C,10,"Sabonis, Domantas",6 ft 11 in (2.11 m),240 lb (109 kg),1996-05-03,Gonzaga,Sacramento Kings,83,240,24.49121788358252
F,44,"Bertāns, Dāvis",6 ft 10 in (2.08 m),225 lb (102 kg),1992-11-12,Latvia,Dallas Mavericks,82,225,23.523944080904222
G/F,25,"Bullock, Reggie",6 ft 6 in (1.98 m),205 lb (93 kg),1991-03-16,North Carolina,Dallas Mavericks,78,205,23.687541091387246
G,26,"Dinwiddie, Spencer",6 ft 5 in (1.96 m),215 lb (98 kg),1993-04-06,Colorado,Dallas Mavericks,77,215,25.492494518468543
G/F,77,"Dončić, Luka",6 ft 7 in (2.01 m),230 lb (104 kg),1999-02-28,Slovenia,Dallas Mavericks,79,230,25.90770709822144
G,–,"Dorsey, Tyler",6 ft 4 in (1.93 m),183 lb (83 kg),1996-02-18,Oregon,Dallas Mavericks,76,183,22.273026315789473
F,10,"Finney-Smith, Dorian",6 ft 7 in (2.01 m),220 lb (100 kg),1993-05-04,Florida,Dallas Mavericks,79,220,24.78128505047268
G,8,"Green, Josh",6 ft 5 in (1.96 m),200 lb (91 kg),2000-11-16,Arizona,Dallas Mavericks,77,200,23.713948389273064
G/F,11,"Hardaway, Tim",6 ft 5 in (1.96 m),205 lb (93 kg),1992-03-16,Michigan,Dallas Mavericks,77,205,24.306797099004893
G,3,"Hardy, Jaden (DP)",6 ft 4 in (1.93 m),198 lb (90 kg),2002-07-05,Coronado HS (NV),Dallas Mavericks,76,198,24.098684210526315
F,42,"Kleber, Maxi",6 ft 10 in (2.08 m),240 lb (109 kg),1992-01-29,Germany,Dallas Mavericks,82,240,25.09220701963117
C,00,"McGee, JaVale",7 ft 0 in (2.13 m),270 lb (122 kg),1988-01-19,Nevada,Dallas Mavericks,84,270,26.900510204081634
G,21,"Ntilikina, Frank",6 ft 4 in (1.93 m),200 lb (91 kg),1998-07-28,France,Dallas Mavericks,76,200,24.342105263157894
G/F,1,"Pinson, Theo",6 ft 5 in (1.96 m),212 lb (96 kg),1995-11-05,North Carolina,Dallas Mavericks,77,212,25.136785292629447
F/C,7,"Powell, Dwight",6 ft 10 in (2.08 m),240 lb (109 kg),1991-07-20,Stanford,Dallas Mavericks,82,240,25.09220701963117
F/C,35,"Wood, Christian",6 ft 9 in (2.06 m),214 lb (97 kg),1995-09-27,UNLV,Dallas Mavericks,81,214,22.929736320682824
F,5,"Wright, Moses (TW)",6 ft 8 in (2.03 m),226 lb (103 kg),1998-12-23,Georgia Tech,Dallas Mavericks,80,226,24.8246875
G/F,-,"Brown, Sterling",6 ft 5 in (1.96 m),219 lb (99 kg),1995-02-10,SMU,Houston Rockets,77,219,25.966773486254006
G,-,"Burke, Trey",6 ft 0 in (1.83 m),185 lb (84 kg),1992-11-12,Michigan,Houston Rockets,72,185,25.087770061728396
F,32,"Chriss, Marquese",6 ft 9 in (2.06 m),240 lb (109 kg),1997-07-02,Washington,Houston Rockets,81,240,25.715592135345222
G,9,"Christopher, Josh",6 ft 3 in (1.91 m),215 lb (98 kg),2001-12-08,Arizona State,Houston Rockets,75,215,26.87022222222222
F,17,"Eason, Tari",6 ft 8 in (2.03 m),216 lb (98 kg),2001-05-10,LSU,Houston Rockets,80,216,23.72625
F/C,20,"Fernando, Bruno",6 ft 9 in (2.06 m),240 lb (109 kg),1998-08-15,Maryland,Houston Rockets,81,240,25.715592135345222
F/C,16,"Garuba, Usman",6 ft 8 in (2.03 m),229 lb (104 kg),2002-03-09,Spain,Houston Rockets,80,229,25.15421875
G,10,"Gordon, Eric",6 ft 3 in (1.91 m),215 lb (98 kg),1988-12-25,Indiana,Houston Rockets,75,215,26.87022222222222
G,4,"Green, Jalen",6 ft 4 in (1.93 m),186 lb (84 kg),2002-02-09,Prolific Prep (CA),Houston Rockets,76,186,22.638157894736842
G,39,"Hudgins, Trevor (TW)",6 ft 0 in (1.83 m),180 lb (82 kg),1999-03-23,Northwest Missouri State,Houston Rockets,72,180,24.40972222222222
F,33,"Lamb, Anthony (TW, FA)",6 ft 6 in (1.98 m),227 lb (103 kg),1998-01-20,Vermont,Houston Rockets,78,227,26.229618671926364
C,51,"Marjanović, Boban",7 ft 3 in (2.21 m),290 lb (132 kg),1988-08-15,Serbia,Houston Rockets,87,290,26.93486590038314
F,6,"Martin, Kenyon, Jr.",6 ft 5 in (1.96 m),215 lb (98 kg),2001-01-06,IMG Academy (FL),Houston Rockets,77,215,25.492494518468543
G,25,"Mathews, Garrison",6 ft 5 in (1.96 m),215 lb (98 kg),1996-10-24,Lipscomb,Houston Rockets,77,215,25.492494518468543
G,15,"Nix, Daishen",6 ft 3 in (1.91 m),226 lb (103 kg),2002-02-13,Trinity International (NV),Houston Rockets,75,226,28.244977777777777
G/F,2,"Nwaba, David",6 ft 5 in (1.96 m),219 lb (99 kg),1993-01-14,Cal Poly,Houston Rockets,77,219,25.966773486254006
G,3,"Porter, Kevin",6 ft 4 in (1.93 m),203 lb (92 kg),2000-05-04,USC,Houston Rockets,76,203,24.707236842105264
C,28,"Şengün, Alperen",6 ft 10 in (2.08 m),243 lb (110 kg),2002-07-25,Turkey,Houston Rockets,82,243,25.405859607376563
F,1,"Smith, Jabari",6 ft 10 in (2.08 m),220 lb (100 kg),2003-05-13,Auburn,Houston Rockets,82,220,23.001189767995243
F,8,"Tate, Jae'Sean",6 ft 4 in (1.93 m),230 lb (104 kg),1995-10-28,Ohio State,Houston Rockets,76,230,27.99342105263158
G,0,"Washington, TyTy",6 ft 3 in (1.91 m),197 lb (89 kg),2001-11-15,Kentucky,Houston Rockets,75,197,24.620622222222224
C,4,"Adams, Steven",6 ft 11 in (2.11 m),265 lb (120 kg),1993-07-20,Pittsburgh,Memphis Grizzlies,83,265,27.04238641312237
G,1,"Limones, Matheus",6 ft 0 in (1.83 m),180 lb (82 kg),1997-09-12,Odontologia UFMG,Memphis Grizzlies,72,180,24.40972222222222
F/C,7,"Aldama, Santi",6 ft 11 in (2.11 m),215 lb (98 kg),2001-01-10,Loyola (MD),Memphis Grizzlies,83,215,21.940049354042678
G,22,"Bane, Desmond",6 ft 5 in (1.96 m),215 lb (98 kg),1998-06-25,TCU,Memphis Grizzlies,77,215,25.492494518468543
G/F,24,"Brooks, Dillon",6 ft 7 in (2.01 m),225 lb (102 kg),1996-01-22,Oregon,Memphis Grizzlies,79,225,25.34449607434706
F,15,"Clarke, Brandon",6 ft 8 in (2.03 m),215 lb (98 kg),1996-09-19,Gonzaga,Memphis Grizzlies,80,215,23.61640625
G,14,"Green, Danny",6 ft 6 in (1.98 m),215 lb (98 kg),1987-06-22,North Carolina,Memphis Grizzlies,78,215,24.843030900723207
F/C,13,"Jackson, Jaren",6 ft 11 in (2.11 m),242 lb (110 kg),1999-09-15,Michigan State,Memphis Grizzlies,83,242,24.69531136594571
G,21,"Jones, Tyus",6 ft 0 in (1.83 m),196 lb (89 kg),1996-05-10,Duke,Memphis Grizzlies,72,196,26.579475308641975
G,46,"Konchar, John",6 ft 5 in (1.96 m),210 lb (95 kg),1996-03-22,Purdue Fort Wayne,Memphis Grizzlies,77,210,24.899645808736718
G,12,"Morant, Ja",6 ft 3 in (1.91 m),174 lb (79 kg),1999-08-10,Murray State,Memphis Grizzlies,75,174,21.746133333333333
F/C,35,"Tillie, Killian",6 ft 9 in (2.06 m),220 lb (100 kg),1998-03-05,Gonzaga,Memphis Grizzlies,81,220,23.572626124066453
F,2,"Tillman, Xavier",6 ft 8 in (2.03 m),245 lb (111 kg),1999-01-12,Michigan State,Memphis Grizzlies,80,245,26.91171875
F,8,"Williams, Ziaire",6 ft 8 in (2.03 m),185 lb (84 kg),2001-09-12,Stanford,Memphis Grizzlies,80,185,20.32109375
G,15,"Alvarado, Jose",6 ft 0 in (1.83 m),179 lb (81 kg),1998-04-12,Georgia Tech,New Orleans Pelicans,72,179,24.274112654320987
F,12,"Clark, Gary (TW)",6 ft 6 in (1.98 m),225 lb (102 kg),1994-11-16,Cincinnati,New Orleans Pelicans,78,225,25.99852071005917
G,11,"Daniels, Dyson (DP)",6 ft 6 in (1.98 m),199 lb (90 kg),2003-03-17,Australia,New Orleans Pelicans,78,199,22.99424720578567
G,4,"Graham, Devonte'",6 ft 1 in (1.85 m),195 lb (88 kg),1995-02-22,Kansas,New Orleans Pelicans,73,195,25.724338525051603
G,2,"Harper, Jared (TW)",5 ft 10 in (1.78 m),175 lb (79 kg),1997-09-14,Auburn,New Orleans Pelicans,70,175,25.107142857142858
F/C,10,"Hayes, Jaxson",6 ft 11 in (2.11 m),220 lb (100 kg),2000-05-23,Texas,New Orleans Pelicans,83,220,22.450283059950646
F/C,9,"Hernangómez, Willy",6 ft 11 in (2.11 m),250 lb (113 kg),1994-05-27,Spain,New Orleans Pelicans,83,250,25.51168529539846
F,14,"Ingram, Brandon",6 ft 8 in (2.03 m),190 lb (86 kg),1997-09-02,Duke,New Orleans Pelicans,80,190,20.8703125
F,5,"Jones, Herbert",6 ft 7 in (2.01 m),206 lb (93 kg),1998-10-06,Alabama,New Orleans Pelicans,79,206,23.20429418362442
G,13,"Lewis, Kira",6 ft 1 in (1.85 m),170 lb (77 kg),2001-04-06,Alabama,New Orleans Pelicans,73,170,22.426346406455245
F,32,"Liddell, E. J.",6 ft 7 in (2.01 m),240 lb (109 kg),2000-12-18,Ohio State,New Orleans Pelicans,79,240,27.034129145970198
F,8,"Marshall, Naji",6 ft 7 in (2.01 m),220 lb (100 kg),1998-01-24,Xavier,New Orleans Pelicans,79,220,24.78128505047268
G,3,"McCollum, CJ",6 ft 3 in (1.91 m),190 lb (86 kg),1991-09-19,Lehigh,New Orleans Pelicans,75,190,23.74577777777778
F,25,"Murphy, Trey",6 ft 8 in (2.03 m),206 lb (93 kg),2000-06-18,Virginia,New Orleans Pelicans,80,206,22.6278125
F/C,22,"Nance, Larry",6 ft 7 in (2.01 m),245 lb (111 kg),1993-01-01,Wyoming,New Orleans Pelicans,79,245,27.597340169844575
G,21,"Snell, Tony",6 ft 6 in (1.98 m),213 lb (97 kg),1991-11-10,New Mexico,New Orleans Pelicans,78,213,24.611932938856015
G/F,41,"Temple, Garrett",6 ft 5 in (1.96 m),195 lb (88 kg),1986-05-08,LSU,New Orleans Pelicans,77,195,23.12109967954124
C,17,"Valančiūnas, Jonas",6 ft 11 in (2.11 m),265 lb (120 kg),1992-05-06,Lithuania,New Orleans Pelicans,83,265,27.04238641312237
F,1,"Williamson, Zion",6 ft 6 in (1.98 m),284 lb (129 kg),2000-07-06,Duke,New Orleans Pelicans,78,284,32.81591058514135
F,26,"Barlow, Dominick (TW)",6 ft 9 in (2.06 m),214 lb (97 kg),2003-05-26,Overtime Elite,San Antonio Spurs,81,214,22.929736320682824
F,31,"Bates-Diop, Keita",6 ft 8 in (2.03 m),229 lb (104 kg),1996-01-23,Ohio State,San Antonio Spurs,80,229,25.15421875
G/F,22,"Branham, Malaki",6 ft 5 in (1.96 m),180 lb (82 kg),2003-05-12,Ohio State,San Antonio Spurs,77,180,21.34255355034576
F/C,23,"Collins, Zach",6 ft 11 in (2.11 m),250 lb (113 kg),1997-11-19,Gonzaga,San Antonio Spurs,83,250,25.51168529539846
C,41,"Dieng, Gorgui",6 ft 10 in (2.08 m),252 lb (114 kg),1990-01-18,Louisville,San Antonio Spurs,82,252,26.34681737061273
G/F,30,"Hall, Jordan (TW)",6 ft 8 in (2.03 m),215 lb (98 kg),2002-01-14,Saint Joseph's,San Antonio Spurs,80,215,23.61640625
F,-,"Johnson, Alize",6 ft 8 in (2.03 m),212 lb (96 kg),1996-04-22,Missouri State,San Antonio Spurs,80,212,23.286875
G/F,3,"Johnson, Keldon",6 ft 5 in (1.96 m),220 lb (100 kg),1999-10-11,Kentucky,San Antonio Spurs,77,220,26.085343228200372
G,33,"Jones, Tre",6 ft 1 in (1.85 m),185 lb (84 kg),2000-01-08,Duke,San Antonio Spurs,73,185,24.40514167761306
G/F,35,"Langford, Romeo",6 ft 4 in (1.93 m),216 lb (98 kg),1999-10-25,Indiana,San Antonio Spurs,76,216,26.289473684210527
F,17,"McDermott, Doug",6 ft 7 in (2.01 m),225 lb (102 kg),1992-01-03,Creighton,San Antonio Spurs,79,225,25.34449607434706
C,25,"Pöltl, Jakob",7 ft 1 in (2.16 m),245 lb (111 kg),1995-10-15,Utah,San Antonio Spurs,85,245,23.838754325259515
G,11,"Primo, Joshua",6 ft 4 in (1.93 m),189 lb (86 kg),2002-12-24,Alabama,San Antonio Spurs,76,189,23.00328947368421
G/F,7,"Richardson, Josh",6 ft 5 in (1.96 m),200 lb (91 kg),1993-09-15,Tennessee,San Antonio Spurs,77,200,23.713948389273064
F/C,–,"Roby, Isaiah",6 ft 8 in (2.03 m),230 lb (104 kg),1998-02-03,Nebraska,San Antonio Spurs,80,230,25.2640625
F,10,"Sochan, Jeremy",6 ft 9 in (2.06 m),230 lb (104 kg),2003-05-20,Baylor,San Antonio Spurs,81,230,24.64410912970584
G/F,24,"Vassell, Devin",6 ft 5 in (1.96 m),200 lb (91 kg),2000-08-23,Florida State,San Antonio Spurs,77,200,23.713948389273064
G,14,"Wesley, Blake",6 ft 5 in (1.96 m),185 lb (84 kg),2003-03-16,Notre Dame,San Antonio Spurs,77,185,21.935402260077584
G/F,15,"Wieskamp, Joe",6 ft 6 in (1.98 m),205 lb (93 kg),1999-08-23,Iowa,San Antonio Spurs,78,205,23.687541091387246
