,player,rookie_yr,final_yr,pos,height,weight,bday,college
0,Alaa Abdelnaby,1991,1995,F-C,6-10,240,"June 24, 1968",Duke
1,Zaid Abdul-Aziz,1969,1978,C-F,6-9,235,"April 7, 1946",Iowa State
2,Kareem Abdul-Jabbar*,1970,1989,C,7-2,225,"April 16, 1947",UCLA
3,Mahmoud Abdul-Rauf,1991,2001,G,6-1,162,"March 9, 1969",LSU
4,Tariq Abdul-Wahad,1998,2003,F,6-6,223,"November 3, 1974","Michigan, San Jose State"
5,Shareef Abdur-Rahim,1997,2008,F,6-9,225,"December 11, 1976",California
6,Tom Abernethy,1977,1981,F,6-7,220,"May 6, 1954",Indiana
7,Forest Able,1957,1957,G,6-3,180,"July 27, 1932",Western Kentucky
8,John Abramovic,1947,1948,F,6-3,195,"February 9, 1919",Salem International University
9,Álex Abrines,2017,2019,G-F,6-6,200,"August 1, 1993",
10,Alex Acker,2006,2009,G,6-5,185,"January 21, 1983",Pepperdine
11,Don Ackerman,1954,1954,G,6-0,183,"September 4, 1930",Long Island University
12,Mark Acres,1988,1993,F-C,6-11,220,"November 15, 1962",Oral Roberts
13,Bud Acton,1968,1968,F,6-6,210,"January 11, 1942",Hillsdale College
14,Quincy Acy,2013,2019,F-C,6-7,240,"October 6, 1990",Baylor
15,Alvan Adams,1976,1988,C-F,6-9,210,"July 19, 1954",Oklahoma
16,Don Adams,1971,1977,F,6-6,210,"November 27, 1947",Northwestern
17,George Adams,1973,1975,F-G,6-5,210,"May 15, 1949",Gardner-Webb University
18,Hassan Adams,2007,2009,G,6-4,220,"June 20, 1984",Arizona
19,Jaylen Adams,2019,2019,G,6-2,190,"May 4, 1996",St. Bonaventure
20,Jordan Adams,2015,2016,G,6-5,209,"July 8, 1994",UCLA
21,Michael Adams,1986,1996,G,5-10,162,"January 19, 1963",Boston College
22,Steven Adams,2014,2020,C,6-11,265,"July 20, 1993",Pitt
23,Rafael Addison,1987,1997,F-G,6-7,215,"July 22, 1964",Syracuse
24,Bam Adebayo,2018,2020,C-F,6-9,255,"July 18, 1997",Kentucky
25,Deng Adel,2019,2019,F,6-7,200,"February 1, 1997",Louisville
26,Rick Adelman,1969,1975,G,6-1,175,"June 16, 1946",Loyola Marymount University
27,Jeff Adrien,2011,2015,F,6-7,245,"February 10, 1986",UConn
28,Arron Afflalo,2008,2018,G-F,6-5,210,"October 15, 1985",UCLA
29,Maurice Ager,2007,2011,G,6-5,202,"February 9, 1984",Michigan State
30,Mark Aguirre,1982,1994,F-G,6-6,232,"December 10, 1959",DePaul
31,Blake Ahearn,2008,2012,G,6-2,190,"May 27, 1984",Missouri State University
32,Danny Ainge,1982,1995,G,6-4,175,"March 17, 1959",BYU
33,Matthew Aitch,1968,1968,F,6-7,230,"September 21, 1944",Michigan State
34,Alexis Ajinça,2009,2017,C-F,7-2,248,"May 6, 1988",
35,Henry Akin,1967,1969,C-F,6-10,225,"July 31, 1944",Morehead State University
36,Josh Akognon,2013,2013,G,5-11,185,"February 10, 1986","Washington State, Cal State Fullerton"
37,DeVaughn Akoon-Purcell,2019,2019,G,6-6,200,"June 5, 1993",Illinois State
38,Solomon Alabi,2011,2012,C,7-1,251,"March 21, 1988",Florida State
39,Mark Alarie,1987,1991,F,6-8,217,"December 11, 1963",Duke
40,Gary Alcorn,1960,1961,C,6-9,225,"October 8, 1936",Fresno State
41,Furkan Aldemir,2015,2015,F-C,6-10,240,"August 9, 1991",
42,Cole Aldrich,2011,2018,C,6-11,250,"October 31, 1988",Kansas
43,LaMarcus Aldridge,2007,2020,F-C,6-11,260,"July 19, 1985",Texas
44,Chuck Aleksinas,1985,1985,C,6-11,260,"February 26, 1959","Kentucky, UConn"
45,Cliff Alexander,2016,2016,F,6-8,245,"November 16, 1995",Kansas
46,Cory Alexander,1996,2005,G,6-1,185,"June 22, 1973",Virginia
47,Courtney Alexander,2001,2003,G,6-5,205,"April 27, 1977","Virginia, Fresno State"
48,Gary Alexander,1994,1994,F,6-7,240,"November 1, 1969",South Florida
49,Joe Alexander,2009,2010,F,6-8,230,"December 26, 1986",West Virginia
50,Kyle Alexander,2020,2020,F,6-11,222,"October 21, 1996",Tennessee
51,Victor Alexander,1992,2002,C-F,6-9,265,"August 31, 1969",Iowa State
52,Nickeil Alexander-Walker,2020,2020,G,6-5,205,"September 2, 1998",Virginia Tech
53,Steve Alford,1988,1991,G,6-2,183,"November 23, 1964",Indiana
54,Rawle Alkins,2019,2019,G,6-5,225,"October 29, 1997",Arizona
55,Bill Allen,1968,1968,C-F,6-8,205,,New Mexico State
56,Bob Allen,1969,1969,F,6-9,205,"July 17, 1946",Marshall
57,Grayson Allen,2019,2020,G,6-4,198,"October 8, 1995",Duke
58,Jarrett Allen,2018,2020,C-F,6-11,237,"April 21, 1998",Texas
59,Jerome Allen,1996,1997,G,6-4,184,"January 28, 1973",Penn
60,Kadeem Allen,2018,2020,G,6-1,200,"January 15, 1993",Arizona
61,Lavoy Allen,2012,2017,F-C,6-9,260,"February 4, 1989",Temple
62,Lucius Allen,1970,1979,G,6-2,175,"September 26, 1947",UCLA
63,Malik Allen,2002,2011,F-C,6-10,255,"June 27, 1978",Villanova
64,Randy Allen,1989,1990,F,6-8,220,"January 26, 1965",Florida State
65,Ray Allen*,1997,2014,G,6-5,205,"July 20, 1975",UConn
66,Tony Allen,2005,2018,G-F,6-4,213,"January 11, 1982","Butler County Community College, Oklahoma State"
67,Willie Allen,1972,1972,F,6-6,230,"February 8, 1949",Miami (FL)
68,Odis Allison,1972,1972,F,6-6,195,"October 2, 1949",UNLV
69,Lance Allred,2008,2008,C,6-11,250,"February 2, 1981","Utah, Weber State"
70,Darrell Allums,1981,1981,F,6-9,220,"September 12, 1958",UCLA
71,Morris Almond,2008,2012,G,6-6,225,"February 2, 1985",Rice University
72,Derrick Alston,1995,1997,F,6-11,225,"August 20, 1972",Duquesne
73,Rafer Alston,2000,2010,G,6-2,171,"July 24, 1976",Fresno State
74,Peter Aluma,1999,1999,C,6-10,260,"April 23, 1973",Liberty
75,John Amaechi,1996,2003,C-F,6-10,270,"November 26, 1970","Vanderbilt, Penn State"
76,Ashraf Amaya,1996,1997,F,6-8,230,"November 23, 1971",Southern Illinois
77,Al-Farouq Aminu,2011,2020,F,6-8,220,"September 21, 1990",Wake Forest
78,Lou Amundson,2007,2016,F-C,6-9,220,"December 7, 1982",UNLV
79,Bob Anderegg,1960,1960,F-G,6-3,200,"August 24, 1937",Michigan State
80,Chris Andersen,2002,2017,C-F,6-10,245,"July 7, 1978",Blinn College
81,David Andersen,2010,2011,C,6-11,245,"June 23, 1980",
82,Alan Anderson,2006,2017,G-F,6-6,220,"October 16, 1982",Michigan State
83,Andrew Anderson,1968,1970,G,6-2,184,"July 6, 1945",Canisius
84,Antonio Anderson,2010,2010,G,6-6,215,"June 5, 1985",Memphis
85,Cliff Anderson,1968,1971,G-F,6-2,200,"September 7, 1944",Saint Joseph's
86,Dan Anderson,1968,1969,C,6-10,230,"February 15, 1943",Augsburg College
87,Dan Anderson,1975,1976,G,6-2,185,"January 1, 1951",USC
88,Derek Anderson,1998,2008,G,6-5,194,"July 18, 1974","Ohio State, Kentucky"
89,Dwight Anderson,1983,1983,G,6-3,185,"December 28, 1960","Kentucky, USC"
90,Eric Anderson,1993,1994,F,6-9,220,"May 26, 1970",Indiana
91,Greg Anderson,1988,1998,F-C,6-10,230,"June 22, 1964",Houston
92,J.J. Anderson,1983,1985,F,6-8,195,"September 23, 1960",Bradley
93,James Anderson,2011,2016,G-F,6-6,213,"March 25, 1989",Oklahoma State
94,Jerome Anderson,1976,1977,G,6-5,195,"October 9, 1953",West Virginia
95,Justin Anderson,2016,2020,G,6-6,230,"November 19, 1993",Virginia
96,Kenny Anderson,1992,2005,G,6-0,168,"October 9, 1970",Georgia Tech
97,Kim Anderson,1979,1979,F,6-7,200,"May 12, 1955",Missouri
98,Kyle Anderson,2015,2020,F-G,6-9,230,"September 20, 1993",UCLA
99,Michael Anderson,1989,1989,G,5-11,184,"March 23, 1966",Drexel
100,Nick Anderson,1990,2002,F-G,6-6,205,"January 20, 1968",Illinois
101,Richard Anderson,1983,1990,F-C,6-10,240,"November 19, 1960",UC Santa Barbara
102,Ron Anderson,1985,1994,F-G,6-7,215,"October 15, 1958",Fresno State
103,Ryan Anderson,2009,2020,F,6-9,240,"May 6, 1988",California
104,Shandon Anderson,1997,2006,F-G,6-6,208,"December 31, 1973",Georgia
105,Willie Anderson,1989,1997,G-F,6-7,190,"January 8, 1967",Georgia
106,Wally Anderzunas,1970,1970,C-F,6-7,220,"January 11, 1946",Creighton
107,Martynas Andriuškevičius,2006,2006,C,7-2,240,"March 12, 1986",
108,Don Anielak,1955,1955,F,6-7,190,"November 1, 1930",Missouri State University
109,Ike Anigbogu,2018,2019,F-C,6-10,250,"October 17, 1998",UCLA
110,Michael Ansley,1990,1992,F,6-7,225,"February 8, 1967",Alabama
111,Chris Anstey,1998,2000,C,7-0,249,"January 1, 1975",
112,Giannis Antetokounmpo,2014,2020,F-G,6-11,242,"December 6, 1994",
113,Kostas Antetokounmpo,2019,2020,F,6-10,200,"November 20, 1997",Dayton
114,Thanasis Antetokounmpo,2016,2020,F,6-6,205,"July 18, 1992",
115,Carmelo Anthony,2004,2020,F,6-8,240,"May 29, 1984",Syracuse
116,Greg Anthony,1992,2002,G,6-0,176,"November 15, 1967","University of Portland, UNLV"
117,Joel Anthony,2008,2017,C,6-9,245,"August 9, 1982",UNLV
118,Pero Antić,2014,2015,C-F,6-11,260,"July 29, 1982",
119,OG Anunoby,2018,2020,F,6-7,232,"July 17, 1997",Indiana
120,Keith Appling,2016,2016,G,6-1,185,"February 13, 1992",Michigan State
121,Rafael Araújo,2005,2007,C,6-11,280,"August 12, 1980",BYU
122,Stacey Arceneaux,1962,1962,F,6-4,210,"February 17, 1936",Iowa State
123,Robert Archibald,2003,2004,F,6-11,250,"March 29, 1980",Illinois
124,Tiny Archibald*,1971,1984,G,6-1,150,"September 2, 1948",Texas-El Paso
125,Ryan Arcidiacono,2018,2020,G,6-3,195,"March 26, 1994",Villanova
126,Jim Ard,1971,1978,F-C,6-8,215,"September 19, 1948",Cincinnati
127,Gilbert Arenas,2002,2012,G,6-3,191,"January 6, 1982",Arizona
128,Trevor Ariza,2005,2020,F,6-8,215,"June 30, 1985",UCLA
129,Paul Arizin*,1951,1962,F-G,6-4,190,"April 9, 1928",Villanova
130,Joe Arlauckas,1988,1988,F,6-9,230,"July 20, 1965",Niagara University
131,B.J. Armstrong,1990,2000,G,6-2,175,"September 9, 1967",Iowa
132,Bob Armstrong,1957,1957,C-F,6-8,220,"June 17, 1933",Michigan State
133,Brandon Armstrong,2002,2004,G,6-5,188,"June 16, 1980",Pepperdine
134,Curly Armstrong,1949,1951,G-F,5-11,170,"November 1, 1918",Indiana
135,Darrell Armstrong,1995,2008,G,6-0,170,"June 22, 1968",Fayetteville State University
136,Hilton Armstrong,2007,2014,F-C,6-11,235,"November 11, 1984",UConn
137,Tate Armstrong,1978,1979,G,6-3,175,"October 5, 1955",Duke
138,Jesse Arnelle,1956,1956,F,6-5,220,"December 30, 1933",Penn State
139,Jay Arnette,1964,1966,G,6-2,175,"December 19, 1938",Texas
140,Bob Arnzen,1970,1974,F,6-5,205,"November 3, 1947",Notre Dame
141,Carlos Arroyo,2002,2011,G,6-2,202,"July 30, 1979",Florida International University
142,Darrell Arthur,2009,2018,F,6-9,235,"March 25, 1988",Kansas
143,John Arthurs,1970,1970,G,6-4,185,"August 15, 1947",Tulane
144,Jamel Artis,2018,2018,G-F,6-7,213,"January 12, 1993",Pitt
145,Ömer Aşık,2011,2018,C,7-0,255,"July 4, 1986",
146,Vincent Askew,1988,1998,G-F,6-6,210,"February 28, 1966",Memphis
147,Keith Askins,1991,1999,G-F,6-7,197,"December 15, 1967",Alabama
148,Don Asmonga,1954,1954,G,6-2,185,"February 15, 1928",Alliance College
149,Dick Atha,1956,1958,G,6-2,190,"September 21, 1931",Indiana State University
150,Chucky Atkins,2000,2010,G,5-11,160,"August 14, 1974",South Florida
151,Al Attles*,1961,1971,G,6-0,175,"November 7, 1936",North Carolina A&T
152,Chet Aubuchon,1947,1947,G,5-10,137,"May 18, 1916",Michigan State
153,Stacey Augmon,1992,2006,F-G,6-8,205,"August 1, 1968",UNLV
154,D.J. Augustin,2009,2020,G,5-11,183,"November 10, 1987",Texas
155,James Augustine,2007,2008,F,6-10,235,"February 27, 1984",Illinois
156,Isaac Austin,1992,2002,C,6-10,255,"August 18, 1969",Arizona State
157,Johnny Austin,1967,1968,G,6-0,170,"August 31, 1944",Boston College
158,Ken Austin,1984,1984,F,6-9,205,"July 15, 1961",Rice University
159,Anthony Avent,1993,2000,F,6-9,235,"October 18, 1969",Seton Hall
160,Bird Averitt,1974,1978,G,6-1,170,"July 22, 1952",Pepperdine
161,William Avery,2000,2002,G,6-2,197,"August 8, 1979",Duke
162,Dennis Awtrey,1971,1982,C,6-10,235,"February 22, 1948",Santa Clara
163,Gustavo Ayón,2012,2014,C,6-10,250,"April 1, 1985",
164,Jeff Ayres,2010,2016,F,6-9,240,"April 29, 1987",Arizona State
165,Deandre Ayton,2019,2020,C,6-11,250,"July 23, 1998",Arizona
166,Kelenna Azubuike,2007,2012,G,6-5,220,"December 16, 1983",Kentucky
167,Fred LaCour,1961,1963,G-F,6-5,210,"February 7, 1938",San Francisco
168,Raef LaFrentz,1999,2008,F-C,6-11,240,"May 29, 1976",Kansas
169,Tom LaGarde,1978,1985,C-F,6-10,220,"February 10, 1955",UNC
170,Rusty LaRue,1998,2004,G,6-2,210,"December 10, 1973",Wake Forest
171,Rudy LaRusso,1960,1969,F-C,6-7,220,"November 11, 1937",Dartmouth College
172,Zach LaVine,2015,2020,G,6-6,181,"March 10, 1995",UCLA
173,Skal Labissière,2017,2020,F,6-10,216,"March 18, 1996",Kentucky
174,Reggie Lacefield,1969,1969,G-F,6-5,230,"April 10, 1945",Western Michigan
175,Edgar Lacey,1969,1969,F,6-6,190,"August 2, 1944",UCLA
176,Sam Lacey,1971,1983,C,6-10,235,"March 28, 1948",New Mexico State
177,Bob Lackey,1973,1974,G-F,6-5,200,"April 4, 1949",Marquette
178,Wendell Ladner,1971,1975,F,6-5,220,"October 6, 1948",University of Southern Mississippi
179,Christian Laettner,1993,2005,F-C,6-11,235,"August 17, 1969",Duke
180,Oliver Lafayette,2010,2010,G,6-2,190,"May 6, 1984",Houston
181,Bill Laimbeer,1981,1994,C,6-11,245,"May 19, 1957",Notre Dame
182,Pete Lalich,1947,1947,F,6-2,190,"June 23, 1920",Ohio University
183,Bo Lamar,1974,1977,G,6-1,180,"April 7, 1951",LA-Lafayette
184,Doron Lamb,2013,2014,G,6-4,210,"November 6, 1991",Kentucky
185,Jeremy Lamb,2013,2020,G-F,6-5,185,"May 30, 1992",UConn
186,John Lambert,1976,1982,C-F,6-10,225,"January 14, 1953",USC
187,Jeff Lamp,1982,1989,F-G,6-6,195,"March 9, 1959",Virginia
188,Maciej Lampe,2004,2006,C,6-11,275,"February 5, 1985",
189,Jim Lampley,1987,1987,C,6-10,230,"July 2, 1960","Vanderbilt, Little Rock"
190,Sean Lampley,2003,2004,F,6-7,227,"September 3, 1979",California
191,Carl Landry,2008,2016,F,6-9,248,"September 19, 1983",Purdue
192,Marcus Landry,2010,2010,F,6-7,230,"November 1, 1985",Wisconsin
193,Mark Landsberger,1978,1984,F-C,6-8,215,"May 21, 1955","Minnesota, Arizona State"
194,Jerome Lane,1989,1993,F,6-6,230,"December 4, 1966",Pitt
195,Andrew Lang,1989,2000,C,6-11,245,"June 28, 1966",Arkansas
196,Antonio Lang,1995,2000,F-G,6-8,205,"May 15, 1972",Duke
197,James Lang,2007,2007,C,6-10,285,"October 17, 1983",
198,Trajan Langdon,2000,2002,G,6-3,197,"May 13, 1976",Duke
199,Keith Langford,2008,2008,G,6-4,215,"September 15, 1983",Kansas
200,Romeo Langford,2020,2020,G,6-4,216,"October 25, 1999",Indiana
201,Dan Langhi,2001,2004,F,6-11,220,"November 28, 1977",Vanderbilt
202,Bob Lanier*,1971,1984,C,6-11,250,"September 10, 1948",St. Bonaventure
203,Stu Lantz,1969,1976,G,6-3,175,"July 13, 1946",Nebraska
204,Nicolás Laprovíttola,2017,2017,G,6-4,180,"January 31, 1990",
205,York Larese,1962,1962,G,6-4,183,"July 18, 1938",UNC
206,Shane Larkin,2014,2018,G,5-11,175,"October 2, 1992",Miami (FL)
207,John Laskowski,1976,1977,G,6-6,185,"June 7, 1953",Indiana
208,Stéphane Lasme,2008,2008,F,6-8,215,"December 17, 1982",UMass
209,Dave Lattin,1968,1973,F-C,6-6,225,"December 23, 1943",Texas-El Paso
210,Priest Lauderdale,1997,1998,C,7-4,325,"August 31, 1973",Central State University
211,Rich Laurel,1978,1978,G,6-6,190,"July 11, 1954",Hofstra
212,Harry Laurie,1971,1971,G,6-1,178,"November 2, 1944",Saint Peter's College
213,Walt Lautenbach,1950,1950,G-F,6-2,185,"November 17, 1922",Wisconsin
214,Joffrey Lauvergne,2015,2018,C-F,6-11,220,"September 30, 1991",
215,Tony Lavelli,1950,1951,F,6-3,185,"July 11, 1926",Yale
216,Bob Lavoy,1951,1954,F-C,6-7,185,"June 29, 1926",Western Kentucky
217,Acie Law,2008,2011,G,6-3,195,"January 25, 1985",Texas A&M
218,Vic Law,2020,2020,F,6-7,200,"December 19, 1995",Northwestern
219,Gani Lawal,2011,2011,F,6-9,234,"November 7, 1988",Georgia Tech
220,Edmund Lawrence,1981,1981,C,7-0,228,"December 8, 1952",McNeese State University
221,Jason Lawson,1998,1998,C,6-11,240,"September 2, 1974",Villanova
222,Ty Lawson,2010,2017,G,5-11,195,"November 3, 1987",UNC
223,Jake Layman,2017,2020,F,6-8,209,"March 7, 1994",Maryland
224,Mo Layton,1972,1978,G,6-1,180,"December 24, 1948",USC
225,Caris LeVert,2017,2020,G-F,6-6,205,"August 25, 1994",Michigan
226,T.J. Leaf,2018,2020,F,6-10,225,"April 30, 1997",UCLA
227,Manny Leaks,1969,1974,C-F,6-8,225,"November 27, 1945",Niagara University
228,Hal Lear,1957,1957,G,6-0,163,"January 31, 1935",Temple
229,Allen Leavell,1980,1989,G,6-1,170,"May 27, 1957",Oklahoma City University
230,Jeff Lebo,1990,1990,G,6-2,180,"October 5, 1966",UNC
231,Eric Leckner,1989,1997,C-F,6-11,265,"May 27, 1966",Wyoming
232,Jalen Lecque,2020,2020,G,6-3,185,"June 13, 2000",
233,Ricky Ledo,2014,2015,G,6-7,195,"September 10, 1992",
234,Butch Lee,1979,1980,G,6-0,185,"December 5, 1956",Marquette
235,Clyde Lee,1967,1976,F-C,6-10,205,"March 14, 1944",Vanderbilt
236,Courtney Lee,2009,2020,G,6-5,215,"October 3, 1985",Western Kentucky
237,Damion Lee,2018,2020,G,6-5,210,"October 21, 1992","Drexel, Louisville"
238,David Lee,1968,1969,F,6-7,225,"March 31, 1942",San Francisco
239,David Lee,2006,2017,F,6-9,245,"April 29, 1983",Florida
240,Dick Lee,1968,1968,F,6-6,,,Washington
241,Doug Lee,1992,1995,G-F,6-5,200,"October 24, 1964","Texas A&M, Purdue"
242,George Lee,1961,1968,F-G,6-4,200,"November 23, 1936",Michigan
243,Greg Lee,1975,1976,G,6-3,190,"December 12, 1951",UCLA
244,Keith Lee,1986,1989,F-C,6-10,215,"December 28, 1962",Memphis
245,Kurk Lee,1991,1991,G,6-3,190,"June 3, 1967","Western Kentucky, Towson University"
246,Malcolm Lee,2012,2015,G,6-5,200,"May 22, 1990",UCLA
247,Rock Lee,1982,1982,C,6-10,220,"May 1, 1955","California, San Diego State"
248,Ron Lee,1977,1982,G,6-4,193,"November 2, 1952",Oregon
249,Russ Lee,1973,1975,G-F,6-5,185,"January 27, 1950",Marshall
250,Ed Leede,1950,1951,F-G,6-3,185,"July 17, 1927",Dartmouth College
251,Hank Lefkowitz,1947,1947,F,6-2,190,"August 31, 1923",Case Western Reserve University
252,Tim Legler,1990,2000,G,6-4,200,"December 26, 1966",La Salle
253,George Lehmann,1968,1974,G,6-0,180,"May 1, 1942",Campbell
254,Walt Lemon,2018,2019,G,6-3,180,"July 26, 1992",Bradley
255,Alex Len,2014,2020,C,7-0,250,"June 16, 1993",Maryland
256,Voshon Lenard,1996,2006,G,6-4,205,"May 14, 1973",Minnesota
257,Leary Lentz,1968,1969,F,6-6,200,"February 23, 1945",Houston
258,Gary Leonard,1990,1992,C,7-1,250,"February 16, 1967",Missouri
259,Kawhi Leonard,2012,2020,F,6-7,230,"June 29, 1991",San Diego State
260,Meyers Leonard,2013,2020,C-F,7-0,260,"February 27, 1992",Illinois
261,Slick Leonard*,1957,1963,G,6-3,185,"July 17, 1932",Indiana
262,Jim Les,1989,1995,G,5-11,165,"August 18, 1963","Cleveland State University, Bradley"
263,Travis Leslie,2012,2012,G,6-4,205,"March 29, 1990",Georgia
264,Ronnie Lester,1981,1986,G,6-2,175,"January 1, 1959",Iowa
265,Clifford Lett,1990,1991,G,6-3,170,"December 23, 1965",Florida
266,Jon Leuer,2012,2019,F,6-10,228,"May 14, 1989",Wisconsin
267,Andrew Levane,1949,1953,F-G,6-2,190,"April 11, 1920",St. John's
268,Fat Lever,1983,1994,G,6-3,170,"August 18, 1960",Arizona State
269,Cliff Levingston,1983,1995,F,6-8,210,"January 4, 1961",Wichita State
270,Bobby Lewis,1968,1971,G,6-3,175,"March 20, 1945",UNC
271,Cedric Lewis,1996,1996,F-C,6-10,235,"September 24, 1969",Maryland
272,Freddie Lewis,1949,1950,F-G,6-2,195,"January 6, 1921",Eastern Kentucky University
273,Freddie Lewis,1967,1977,G,6-0,175,"July 1, 1943",Arizona State
274,Grady Lewis,1947,1949,F-C,6-7,215,"March 25, 1917",Oklahoma
275,Martin Lewis,1996,1997,F,6-5,210,"April 28, 1975","Butler County Community College, Seward County Community College"
276,Mike Lewis,1969,1974,C-F,6-8,225,"March 18, 1946",Duke
277,Quincy Lewis,2000,2004,F,6-7,215,"June 26, 1977",Minnesota
278,Ralph Lewis,1988,1990,F-G,6-6,200,"March 28, 1963",La Salle
279,Rashard Lewis,1999,2014,F,6-10,215,"August 8, 1979",
280,Reggie Lewis,1988,1993,G-F,6-7,195,"November 21, 1965",Northeastern University
281,Marcus Liberty,1991,1994,F,6-8,205,"October 27, 1968",Illinois
282,Todd Lichti,1990,1994,G-F,6-4,205,"January 8, 1967",Stanford
283,Barry Liebowitz,1968,1968,G,6-2,180,"September 10, 1945",Long Island University
284,DeAndre Liggins,2012,2018,G,6-6,209,"March 31, 1988",Kentucky
285,Bill Ligon,1975,1975,G,6-4,180,"May 29, 1952",Vanderbilt
286,Goose Ligon,1968,1974,F-C,6-7,210,"February 22, 1944",
287,Damian Lillard,2013,2020,G,6-2,195,"July 15, 1990",Weber State
288,Jeremy Lin,2011,2019,G,6-3,200,"August 23, 1988",Harvard University
289,Steve Lingenfelter,1983,1984,F,6-9,225,"June 10, 1958","Minnesota, South Dakota State"
290,Alton Lister,1982,1998,C-F,7-0,240,"October 1, 1958",Arizona State
291,Nassir Little,2020,2020,F,6-5,220,"February 11, 2000",UNC
292,Samuel Little,1970,1970,G,6-0,180,"March 29, 1946",Delta State University
293,Gene Littles,1970,1975,G,6-0,160,"June 29, 1943",High Point University
294,Randy Livingston,1997,2007,G,6-4,209,"April 2, 1975",LSU
295,Shaun Livingston,2005,2019,G,6-7,192,"September 11, 1985",
296,Ron Livingstone,1950,1951,C,6-10,220,"October 9, 1925",Wyoming
297,Horacio Llamas Grey,1997,1998,C,6-11,285,"July 17, 1973",Grand Canyon University
298,Bobby Lloyd,1968,1969,G,6-2,184,"January 3, 1946",Rutgers University
299,Chuck Lloyd,1971,1971,C-F,6-8,220,"May 22, 1947",Yankton College
300,Earl Lloyd*,1951,1960,F-C,6-5,200,"April 3, 1928",West Virginia State University
301,Lewis Lloyd,1982,1990,G-F,6-6,205,"February 22, 1959",Drake University
302,Scott Lloyd,1977,1983,C-F,6-10,230,"December 19, 1952",Arizona State
303,Riney Lochmann,1968,1970,F,6-6,215,"May 26, 1944",Kansas
304,Bob Lochmueller,1953,1953,F,6-5,185,"June 5, 1927",Louisville
305,Rob Lock,1989,1989,F,6-9,225,"May 22, 1966",Kentucky
306,Darrell Lockhart,1984,1984,C,6-9,245,"September 14, 1960",Auburn
307,Ian Lockhart,1991,1991,F,6-8,240,"June 25, 1967",Tennessee
308,Kevin Loder,1982,1984,F-G,6-6,205,"March 15, 1959","Kentucky State University, Alabama State University"
309,Don Lofgran,1951,1954,F-C,6-5,200,"November 8, 1929",San Francisco
310,Zach Lofton,2019,2019,G,6-4,180,"November 18, 1992","Illinois State, Texas Southern, New Mexico State"
311,Henry Logan,1969,1970,G,6-0,180,"March 14, 1946",Western Carolina University
312,John Logan,1947,1951,G,6-2,175,"January 1, 1921",Indiana
313,Brad Lohaus,1988,1998,F-C,6-11,230,"September 29, 1964",Iowa
314,Art Long,2001,2003,F-C,6-9,250,"October 1, 1972",Cincinnati
315,Grant Long,1989,2003,F,6-8,225,"March 12, 1966",Eastern Michigan
316,John Long,1979,1997,G-F,6-5,195,"August 28, 1956",Detroit Mercy
317,Paul Long,1968,1971,G,6-2,180,"February 8, 1944",Wake Forest
318,Shawn Long,2017,2017,C-F,6-9,255,"January 29, 1993",LA-Lafayette
319,Willie Long,1972,1974,F-C,6-8,225,"March 1, 1950",New Mexico
320,Luc Longley,1992,2001,C,7-2,265,"January 19, 1969",New Mexico
321,Kevon Looney,2016,2020,F-C,6-9,220,"February 6, 1996",UCLA
322,Brook Lopez,2009,2020,C,7-0,270,"April 1, 1988",Stanford
323,Felipe López,1999,2002,G,6-5,199,"December 19, 1974",St. John's
324,Raül López,2004,2005,G,6-1,170,"April 15, 1980",
325,Robin Lopez,2009,2020,C,7-0,275,"April 1, 1988",Stanford
326,Ryan Lorthridge,1995,1995,G,6-4,190,"July 27, 1972",Jackson State University
327,Jim Loscutoff,1956,1964,F,6-5,220,"February 4, 1930",Oregon
328,Plummer Lott,1968,1969,F-G,6-5,210,"December 11, 1945",Seattle University
329,Kevin Loughery,1963,1973,G,6-3,190,"March 28, 1940","Boston College, St. John's"
330,Bob Love,1967,1977,F,6-8,215,"December 8, 1942",Southern University and A&M College
331,Kevin Love,2009,2020,F,6-8,251,"September 7, 1988",UCLA
332,Stan Love,1972,1975,F,6-9,215,"April 9, 1949",Oregon
333,Clyde Lovellette*,1954,1964,C-F,6-9,234,"September 7, 1929",Kansas
334,Sidney Lowe,1984,1990,G,6-0,195,"January 21, 1960",NC State
335,Charlie Lowery,1972,1972,G,6-3,185,"November 12, 1949",University of Puget Sound
336,Kyle Lowry,2007,2020,G,6-0,196,"March 25, 1986",Villanova
337,Jordan Loyd,2019,2019,G,6-4,210,"July 27, 1993","Furman University, University of Indianapolis"
338,Al Lucas,1949,1949,F-G,6-3,195,"July 4, 1922",Fordham
339,Jerry Lucas*,1964,1974,F-C,6-8,230,"March 30, 1940",Ohio State
340,John Lucas,1977,1990,G,6-3,175,"October 31, 1953",Maryland
341,Kalin Lucas,2015,2019,G,6-1,195,"May 24, 1989",Michigan State
342,Maurice Lucas,1975,1988,F-C,6-9,215,"February 18, 1952",Marquette
343,John Lucas III,2006,2017,G,5-11,166,"November 21, 1982","Baylor, Oklahoma State"
344,Ted Luckenbill,1962,1963,F,6-6,205,"July 27, 1939",Houston
345,Tyronn Lue,1999,2009,G,6-0,175,"May 3, 1977",Nebraska
346,Jim Luisi,1954,1954,G,6-2,180,"November 2, 1928",St. Francis College
347,Al Lujack,1947,1947,F,6-3,220,"October 5, 1920",Georgetown
348,Phil Lumpkin,1975,1976,G,6-0,165,"December 20, 1951",Miami University
349,Ray Lumpp,1949,1953,G,6-1,178,"July 11, 1923",NYU
350,Timothé Luwawu-Cabarrot,2017,2020,F,6-7,210,"May 9, 1995",
351,Tyler Lydon,2018,2019,F,6-10,225,"April 9, 1996",Syracuse
352,Trey Lyles,2016,2020,F,6-9,234,"November 5, 1995",Kentucky
353,R.B. Lynam,1968,1968,G,6-1,190,,Oklahoma Baptist University
354,George Lynch,1994,2005,F,6-8,218,"September 3, 1970",UNC
355,Kevin Lynch,1992,1993,G-F,6-5,195,"December 24, 1968",Minnesota
356,Lonnie Lynn,1970,1970,F,6-7,215,"May 24, 1943",Wilberforce University
357,Mike Lynn,1970,1971,F,6-7,215,"November 25, 1945",UCLA
358,Joe Pace,1977,1978,C,6-10,220,"December 18, 1953",Coppin State University
359,Zaza Pachulia,2004,2019,C,6-11,270,"February 10, 1984",
360,Robert Pack,1992,2004,G,6-2,180,"February 3, 1969",USC
361,Wayne Pack,1975,1975,G,6-0,165,"July 5, 1950",Tennessee Technological University
362,Gerald Paddio,1991,1994,F-G,6-7,205,"April 21, 1965",UNLV
363,Scott Padgett,2000,2007,F,6-9,240,"April 19, 1976",Kentucky
364,Dana Pagett,1972,1972,G,6-2,180,"March 29, 1949",USC
365,Marcus Paige,2018,2018,G,6-1,175,"September 11, 1993",UNC
366,Fred Paine,1949,1949,F,6-5,210,"December 7, 1925",Westminster College of Pennsylvania
367,Milt Palacio,2000,2006,G,6-3,195,"February 7, 1978","Midland College, Colorado State"
368,Togo Palazzi,1955,1960,F-G,6-4,205,"August 8, 1932",Holy Cross
369,Bud Palmer,1947,1949,F-C,6-4,180,"September 14, 1921",Princeton
370,Errol Palmer,1968,1968,F,6-5,195,,DePaul
371,Jim Palmer,1959,1961,F-C,6-8,224,"June 8, 1933",Dayton
372,Walter Palmer,1991,1993,C-F,7-1,215,"October 23, 1968",Dartmouth College
373,Andy Panko,2001,2001,F,6-9,222,"November 27, 1977",Lebanon Valley College
374,Georgios Papagiannis,2017,2018,C,7-1,240,"July 3, 1997",
375,Kostas Papanikolaou,2015,2016,F,6-8,225,"July 31, 1990",
376,Jannero Pargo,2003,2015,G,6-1,175,"October 22, 1979",Arkansas
377,Jeremy Pargo,2012,2020,G,6-2,219,"March 17, 1986",Gonzaga
378,Easy Parham,1949,1951,F-G,6-3,200,"December 27, 1921",Texas Wesleyan University
379,Robert Parish*,1977,1997,C,7-1,230,"August 30, 1953",Centenary (LA)
380,Med Park,1956,1960,G-F,6-2,205,"April 11, 1933",Missouri
381,Anthony Parker,1998,2012,G,6-6,215,"June 19, 1975",Bradley
382,Jabari Parker,2015,2020,F,6-8,245,"March 15, 1995",Duke
383,Smush Parker,2003,2008,G,6-4,190,"June 1, 1981",Fordham
384,Sonny Parker,1977,1982,F-G,6-6,200,"March 22, 1955",Texas A&M
385,Tony Parker,2002,2019,G,6-2,185,"May 17, 1982",
386,Barry Parkhill,1974,1976,G,6-4,185,"May 10, 1951",Virginia
387,Jack Parkinson,1950,1950,G,6-0,174,"March 4, 1924",Kentucky
388,Charles Parks,1969,1969,F,6-5,210,,Idaho State University
389,Cherokee Parks,1996,2004,C-F,6-11,235,"October 11, 1972",Duke
390,Richard Parks,1968,1968,F,6-7,235,"October 28, 1943",Saint Louis
391,Jack Parr,1959,1959,C,6-9,220,"March 13, 1936",Kansas State
392,Doyle Parrack,1947,1947,F-G,6-0,165,"December 6, 1921",Oklahoma State
393,Charlie Parsley,1950,1950,G,6-2,175,"October 13, 1925",Western Kentucky
394,Chandler Parsons,2012,2020,F,6-9,230,"October 25, 1988",Florida
395,Eric Paschall,2020,2020,F,6-6,255,"November 4, 1996","Fordham, Villanova"
396,Anžejs Pasečņiks,2020,2020,C,7-1,220,"December 20, 1995",
397,Žarko Paspalj,1990,1990,F,6-9,215,"March 27, 1966",
398,Marty Passaglia,1947,1949,G,6-1,170,"April 22, 1919",Santa Clara
399,George Pastushok,1947,1947,G,6-1,195,"July 13, 1922",St. John's
400,Myles Patrick,1981,1981,F,6-8,220,"November 19, 1954",Auburn
401,Stan Patrick,1950,1950,F-G,6-2,185,"May 5, 1922",Illinois
402,Andrae Patterson,1999,2000,F,6-9,238,"November 12, 1975",Indiana
403,George Patterson,1968,1968,C-F,6-8,230,"November 26, 1939",Toledo
404,Lamar Patterson,2016,2017,G-F,6-5,225,"August 12, 1991",Pitt
405,Patrick Patterson,2011,2020,F,6-8,230,"March 14, 1989",Kentucky
406,Ruben Patterson,1999,2008,F,6-5,224,"July 31, 1975",Cincinnati
407,Steve Patterson,1972,1976,C,6-9,225,"June 24, 1948",UCLA
408,Tom Patterson,1973,1974,F,6-6,220,"October 15, 1948",Ouachita Baptist University
409,Worthy Patterson,1958,1958,G,6-2,175,"June 17, 1931",UConn
410,Justin Patton,2018,2020,C,6-11,241,"June 14, 1997",Creighton
411,Brandon Paul,2018,2018,G,6-4,200,"April 30, 1991",Illinois
412,Chris Paul,2006,2020,G,6-1,175,"May 6, 1985",Wake Forest
413,Charlie Paulk,1969,1972,F-C,6-8,219,"June 14, 1946",Northeastern State University
414,Jerry Paulson,1958,1958,G,6-2,185,"July 21, 1935",Manhattan College
415,Billy Paultz,1971,1985,C-F,6-11,235,"July 30, 1948","Cameron University, St. John's"
416,Sasha Pavlović,2004,2013,G-F,6-8,220,"November 15, 1983",
417,Jim Paxson,1957,1958,F-G,6-6,200,"December 19, 1932",Dayton
418,Jim Paxson,1980,1990,G-F,6-6,200,"July 9, 1957",Dayton
419,John Paxson,1984,1994,G,6-2,185,"September 29, 1960",Notre Dame
420,Johnny Payak,1950,1953,G-F,6-4,174,"November 20, 1926",Bowling Green
421,Adreian Payne,2015,2018,F-C,6-10,237,"February 19, 1991",Michigan State
422,Cameron Payne,2016,2020,G,6-3,190,"August 8, 1994",Murray State
423,Kenny Payne,1990,1993,F-G,6-8,195,"November 25, 1966",Louisville
424,Tom Payne,1972,1972,C,7-2,240,"November 19, 1950",Kentucky
425,Elfrid Payton,2015,2020,G,6-3,185,"February 22, 1994",LA-Lafayette
426,Gary Payton*,1991,2007,G,6-4,180,"July 23, 1968",Oregon State
427,Gary Payton,2017,2020,G,6-3,190,"December 1, 1992",Oregon State
428,Mel Payton,1952,1953,F-G,6-4,185,"July 16, 1926",Tulane
429,George Pearcy,1947,1947,G,6-1,165,"July 2, 1919",Indiana State University
430,Henry Pearcy,1947,1947,G,6-1,170,"July 21, 1922",Indiana State University
431,Oleksiy Pecherov,2008,2010,C,7-0,232,"December 8, 1985",
432,Wiley Peck,1980,1980,G,6-7,220,"September 15, 1957",Mississippi State
433,Rich Peek,1968,1968,C,6-11,230,"October 28, 1943","Florida, Louisiana Tech"
434,Anthony Peeler,1993,2005,G,6-4,208,"November 25, 1969",Missouri
435,George Peeples,1968,1973,C-F,6-7,190,"October 30, 1943",Iowa
436,Nikola Peković,2011,2016,C,6-11,307,"January 3, 1986",
437,Jake Pelkington,1949,1949,C-F,6-6,220,"January 3, 1916",Manhattan College
438,Norvel Pelle,2020,2020,F-C,6-10,216,"February 3, 1993",
439,Sam Pellom,1980,1983,F-C,6-9,225,"October 2, 1951",Buffalo
440,Mike Penberthy,2001,2002,G,6-3,185,"November 29, 1974",Master's College
441,Jerry Pender,1974,1974,G,6-2,185,"February 12, 1950",Fresno State
442,Desmond Penigar,2004,2004,F,6-7,245,"July 16, 1981",Utah State University
443,Kirk Penney,2004,2005,G,6-5,220,"November 23, 1980",Wisconsin
444,Mike Peplowski,1994,1996,C,6-10,270,"October 15, 1970",Michigan State
445,Will Perdue,1989,2001,C,7-0,240,"August 29, 1965",Vanderbilt
446,Kendrick Perkins,2004,2018,C,6-10,270,"November 10, 1984",
447,Sam Perkins,1985,2001,F-C,6-9,235,"June 14, 1961",UNC
448,Warren Perkins,1950,1951,G-F,6-3,190,"February 2, 1922",Tulane
449,Kosta Perović,2008,2008,C,7-2,240,"February 19, 1985",
450,London Perrantes,2018,2018,G,6-2,200,"October 3, 1994",Virginia
451,Aulcie Perry,1975,1975,C,6-10,210,"July 3, 1950",Bethune-Cookman College
452,Curtis Perry,1971,1978,F,6-7,220,"September 13, 1948",Missouri State University
453,Elliot Perry,1992,2002,G,6-0,150,"March 28, 1969",Memphis
454,Ron Perry,1968,1970,G,6-3,190,"December 29, 1943",Virginia Tech
455,Tim Perry,1989,1996,F-C,6-9,200,"June 4, 1965",Temple
456,Chuck Person,1987,2000,F,6-8,220,"June 27, 1964",Auburn
457,Wesley Person,1995,2005,G,6-6,195,"March 28, 1971",Auburn
458,Alec Peters,2018,2018,F,6-9,232,"April 13, 1995",Valparaiso
459,Jim Petersen,1985,1992,F-C,6-10,235,"February 22, 1962",Minnesota
460,Loy Petersen,1969,1970,G,6-5,205,"July 26, 1945",Oregon State
461,Bob Peterson,1954,1956,F,6-5,210,"January 25, 1932",Oregon
462,Ed Peterson,1950,1951,C,6-9,220,"June 27, 1924",Cornell
463,Mel Peterson,1964,1970,G-F,6-4,185,"March 23, 1938",Wheaton College
464,Morris Peterson,2001,2011,F,6-7,218,"August 26, 1977",Michigan State
465,Geoff Petrie,1971,1976,G,6-4,190,"April 17, 1948",Princeton
466,Johan Petro,2006,2013,C,7-0,247,"January 27, 1986",
467,Dražen Petrović*,1990,1993,G,6-5,195,"October 22, 1964",
468,Richard Petruška,1994,1994,C-F,6-10,260,"January 25, 1969","Loyola Marymount University, UCLA"
469,Bob Pettit*,1955,1965,F-C,6-9,205,"December 12, 1932",LSU
470,Jerry Pettway,1968,1969,G-F,6-3,185,"February 13, 1944",Northwood Institute
471,Roger Phegley,1979,1984,G-F,6-6,205,"October 16, 1956",Bradley
472,Jack Phelan,1950,1950,F,6-5,195,"November 6, 1925",DePaul
473,James Phelan,1954,1954,G,6-1,175,"March 19, 1929",La Salle
474,Derrick Phelps,1995,1995,G,6-4,181,"July 31, 1972",UNC
475,Michael Phelps,1986,1988,G,6-4,180,"October 3, 1961",Alcorn State
476,Andy Phillip*,1948,1958,G-F,6-2,195,"March 7, 1922",Illinois
477,Eddie Phillips,1983,1983,F,6-7,225,"September 29, 1961",Alabama
478,Gary Phillips,1962,1966,G,6-3,189,"December 7, 1939",Houston
479,Gene Phillips,1972,1973,G,6-4,175,"October 25, 1948",SMU
480,Bobby Phills,1992,2000,G,6-5,210,"December 20, 1969",Southern University and A&M College
481,Eric Piatkowski,1995,2008,G-F,6-7,215,"September 30, 1970",Nebraska
482,Walter Piatkowski,1969,1972,F,6-8,220,"June 11, 1945",Bowling Green
483,Paul Pierce,1999,2017,F-G,6-7,235,"October 13, 1977",Kansas
484,Ricky Pierce,1983,1998,G,6-4,205,"August 19, 1959",Rice University
485,Stan Pietkiewicz,1979,1981,G-F,6-5,200,"July 14, 1956",Auburn
486,Mickaël Piétrus,2004,2013,G-F,6-6,215,"February 7, 1982",
487,John Pilch,1952,1952,F,6-3,185,"July 11, 1925",Wyoming
488,Ed Pinckney,1986,1997,F,6-9,195,"March 27, 1963",Villanova
489,Kevinn Pinkney,2007,2007,F,6-10,245,"October 20, 1983",Nevada
490,John Pinone,1984,1984,F,6-8,230,"February 19, 1961",Villanova
491,Theo Pinson,2019,2020,G,6-5,212,"November 5, 1995",UNC
492,Dave Piontek,1957,1963,F-C,6-6,230,"August 27, 1934",Xavier
493,Tom Piotrowski,1984,1984,C,7-1,240,"October 17, 1960",La Salle
494,Scottie Pippen*,1988,2004,F-G,6-8,210,"September 25, 1965",University of Central Arkansas
495,Charles Pittman,1983,1986,F,6-8,220,"March 23, 1958",Maryland
496,Dexter Pittman,2011,2014,C,6-11,308,"March 2, 1988",Texas
497,Zoran Planinić,2004,2006,G,6-7,195,"September 12, 1982",
498,Tibor Pleiß,2016,2016,C,7-3,256,"November 2, 1989",
499,Marshall Plumlee,2017,2018,C,7-0,250,"July 14, 1992",Duke
500,Mason Plumlee,2014,2020,C-F,6-11,238,"March 5, 1990",Duke
501,Miles Plumlee,2013,2019,C-F,6-11,249,"September 1, 1988",Duke
502,Gary Plummer,1985,1993,F-C,6-9,215,"February 21, 1962",Boston University
503,Pavel Podkolzin,2005,2006,C,7-5,260,"January 15, 1985",
504,Jakob Poeltl,2017,2020,C,7-1,230,"October 15, 1995",Utah
505,Vincent Poirier,2020,2020,C,7-0,235,"October 17, 1993",
506,Dwayne Polee,1987,1987,G,6-5,180,"March 2, 1963","UNLV, Pepperdine"
507,Jim Pollard*,1949,1955,F-C,6-4,185,"July 9, 1922",Stanford
508,Scot Pollard,1998,2008,C,6-11,265,"February 12, 1975",Kansas
509,Ralph Polson,1953,1953,F-C,6-7,200,"October 26, 1929",Whitworth
510,Olden Polynice,1988,2004,C-F,6-11,220,"November 21, 1964",Virginia
511,Cliff Pondexter,1976,1978,F-C,6-9,233,"September 15, 1954",Cal State Long Beach
512,Quincy Pondexter,2011,2019,G-F,6-7,230,"March 10, 1988",Washington
513,Shamorie Ponds,2020,2020,G,6-0,180,"June 29, 1998",St. John's
514,Jordan Poole,2020,2020,G,6-4,195,"June 19, 1999",Michigan
515,David Pope,1985,1986,F,6-7,220,"April 15, 1962",Norfolk State
516,Mark Pope,1998,2005,F,6-10,235,"September 11, 1972","Washington, Kentucky"
517,Dave Popson,1989,1992,F-C,6-10,220,"May 17, 1964",UNC
518,Ben Poquette,1978,1987,F-C,6-9,235,"May 7, 1955",Central Michigan University
519,Chris Porter,2001,2001,F,6-7,218,"May 9, 1978",Auburn
520,Howard Porter,1972,1978,F-C,6-8,220,"August 31, 1948",Villanova
521,Kevin Porter,1973,1983,G,6-0,170,"April 17, 1950",Saint Francis University
522,Kevin Porter,2020,2020,G,6-4,216,"May 4, 2000",USC
523,Michael Porter,2020,2020,F,6-10,215,"June 29, 1998",Missouri
524,Otto Porter,2014,2020,F,6-8,198,"June 3, 1993",Georgetown
525,Terry Porter,1986,2002,G,6-3,195,"April 8, 1963",University of Wisconsin-Stevens Point
526,Willie Porter,1968,1969,F,6-7,205,"July 3, 1942",Tennessee State
527,Bobby Portis,2016,2020,F,6-10,246,"February 10, 1995",Arkansas
528,Bob Portman,1970,1973,F,6-5,200,"March 22, 1947",Creighton
529,Kristaps Porziņģis,2016,2020,F-C,7-3,240,"August 2, 1995",
530,James Posey,2000,2011,F-G,6-8,215,"January 13, 1977",Xavier
531,Lavor Postell,2001,2003,G,6-5,215,"February 26, 1978",St. John's
532,John Postley,1968,1968,F,6-5,220,"May 30, 1940",Bethune-Cookman College
533,Vitaly Potapenko,1997,2007,C,6-10,280,"March 21, 1975",Wright State University
534,Leon Powe,2007,2011,F,6-8,240,"January 22, 1984",California
535,Cincinnatus Powell,1968,1975,F-C,6-7,220,"February 25, 1942",University of Portland
536,Dwight Powell,2015,2020,F-C,6-10,240,"July 20, 1991",Stanford
537,Josh Powell,2006,2014,F,6-9,225,"January 25, 1983",NC State
538,Kasib Powell,2008,2008,F,6-7,215,"March 18, 1981",Texas Tech
539,Norman Powell,2016,2020,G,6-3,215,"May 25, 1993",UCLA
540,Roger Powell,2007,2007,F,6-6,235,"January 15, 1983",Illinois
541,Alex Poythress,2017,2019,F,6-9,235,"September 6, 1993",Kentucky
542,Marlbert Pradd,1968,1969,G,6-3,170,"November 17, 1944",Dillard University
543,Mike Pratt,1971,1972,G-F,6-4,195,"August 4, 1948",Kentucky
544,Paul Pressey,1983,1993,G-F,6-5,185,"December 24, 1958",Tulsa
545,Phil Pressey,2014,2016,G,5-11,175,"February 17, 1991",Missouri
546,Dominic Pressley,1989,1989,G,6-2,170,"May 30, 1964",Boston College
547,Harold Pressley,1987,1990,F-G,6-7,210,"July 14, 1963",Villanova
548,Stephen Previs,1973,1973,G,6-3,183,"February 9, 1950",UNC
549,A.J. Price,2010,2015,G,6-2,181,"October 7, 1986",UConn
550,Brent Price,1993,2002,G,6-1,165,"December 9, 1968","South Carolina, Oklahoma"
551,Jim Price,1973,1979,G,6-3,195,"November 27, 1949",Louisville
552,Mark Price,1987,1998,G,6-0,170,"February 15, 1964",Georgia Tech
553,Mike Price,1971,1973,G,6-3,200,"September 11, 1948",Illinois
554,Ronnie Price,2006,2017,G,6-2,190,"June 21, 1983","Nicholls State University, Utah Valley State College"
555,Tony Price,1981,1981,G,6-6,190,"January 5, 1957",Penn
556,Bob Priddy,1953,1953,F,6-3,190,"March 24, 1930",New Mexico State
557,Pablo Prigioni,2013,2016,G,6-3,185,"May 17, 1977",
558,Tayshaun Prince,2003,2016,F,6-9,212,"February 28, 1980",Kentucky
559,John Pritchard,1950,1950,C,6-9,220,"January 23, 1927",Drake University
560,Kevin Pritchard,1991,1996,G,6-3,180,"July 17, 1967",Kansas
561,Laron Profit,2000,2006,G-F,6-5,204,"August 5, 1977",Maryland
562,Gabe Pruitt,2008,2009,G,6-4,170,"April 19, 1986",USC
563,Joel Przybilla,2001,2013,C,7-1,255,"October 10, 1979",Minnesota
564,Les Pugh,1949,1950,C-F,6-7,190,"September 18, 1922",Ohio State
565,Roy Pugh,1949,1949,C-F,6-6,210,"October 16, 1922",SMU
566,Anthony Pullard,1993,1993,F,6-10,245,"June 23, 1966",McNeese State University
567,Jacob Pullen,2018,2018,G,6-1,200,"November 10, 1989",Kansas State
568,Rodney Purvis,2018,2018,G,6-4,205,"February 14, 1994",UConn
569,Don Putman,1947,1950,G,6-1,170,"November 13, 1922",Denver
570,Rui Hachimura,2020,2020,F,6-8,230,"February 8, 1998",Gonzaga
571,Rudy Hackett,1976,1977,F,6-9,210,"May 10, 1953",Syracuse
572,Hamed Haddadi,2009,2013,C,7-2,254,"May 19, 1985",
573,Jim Hadnot,1968,1968,C-F,6-10,235,"January 15, 1940",Providence
574,Scott Haffner,1990,1991,G,6-3,180,"February 2, 1966","Illinois, University of Evansville"
575,Cliff Hagan*,1957,1970,F-G,6-4,210,"December 9, 1931",Kentucky
576,Glenn Hagan,1982,1982,G,6-0,170,"June 25, 1955",St. Bonaventure
577,Tom Hagan,1970,1971,G,6-3,185,"January 29, 1947",Vanderbilt
578,Robert Hahn,1950,1950,C,6-10,240,"August 25, 1925",NC State
579,Al Hairston,1969,1970,G,6-1,170,"December 11, 1945",Bowling Green
580,Happy Hairston,1965,1975,F,6-7,225,"May 31, 1942",NYU
581,Lindsay Hairston,1976,1976,F-C,6-7,180,"December 8, 1951",Michigan State
582,Malik Hairston,2009,2010,G,6-6,220,"February 23, 1987",Oregon
583,P.J. Hairston,2015,2016,G-F,6-6,230,"December 24, 1992",UNC
584,Marcus Haislip,2003,2010,F,6-10,230,"December 22, 1980",Tennessee
585,Chick Halbert,1947,1951,C,6-9,225,"February 27, 1919",West Texas A&M University
586,Swede Halbrook,1961,1962,C,7-3,235,"January 30, 1933",Oregon State
587,Bruce Hale,1949,1951,G-F,6-1,170,"August 30, 1918",Santa Clara
588,Hal Hale,1968,1968,G,6-1,180,"September 21, 1945",Utah State University
589,Jack Haley,1989,1998,C-F,6-10,240,"January 27, 1964",UCLA
590,Shaler Halimon,1969,1973,G-F,6-5,199,"March 30, 1945",Utah State University
591,Devon Hall,2020,2020,G,6-2,215,"July 7, 1995",Virginia
592,Donta Hall,2020,2020,F,6-9,230,"August 7, 1997",Alabama
593,Mike Hall,2007,2007,F,6-8,230,"June 5, 1984",George Washington
594,Jeff Halliburton,1972,1973,G,6-5,193,"July 3, 1949",Drake University
595,Darvin Ham,1997,2005,F,6-7,220,"July 23, 1973",Texas Tech
596,Steve Hamer,1997,1997,C,7-0,245,"November 13, 1973",Tennessee
597,Dale Hamilton,1950,1950,G-F,6-0,180,"August 16, 1919",Franklin College
598,Daniel Hamilton,2018,2019,G-F,6-7,195,"August 8, 1995",UConn
599,Dennis Hamilton,1968,1971,F,6-8,210,"May 8, 1944",Arizona State
600,Joe Hamilton,1971,1976,G,5-10,160,"July 5, 1948",University of North Texas
601,Jordan Hamilton,2012,2016,G-F,6-7,220,"October 6, 1990",Texas
602,Justin Hamilton,2014,2017,C,7-0,260,"April 1, 1990","Iowa State, LSU"
603,Ralph Hamilton,1949,1949,G-F,6-1,188,"June 10, 1921",Indiana
604,Richard Hamilton,2000,2013,G-F,6-6,185,"February 14, 1978",UConn
605,Roy Hamilton,1980,1981,G,6-2,180,"July 20, 1957",UCLA
606,Steve Hamilton,1959,1960,F-C,6-6,190,"November 30, 1934",Morehead State University
607,Tang Hamilton,2002,2002,F,6-8,220,"May 26, 1978",Mississippi State
608,Thomas Hamilton,1996,2000,C,7-2,330,"April 3, 1975",Pitt
609,Zendon Hamilton,2001,2006,C-F,6-11,250,"April 27, 1975",St. John's
610,Geert Hammink,1994,1996,C,7-0,262,"July 12, 1969",LSU
611,Julian Hammond,1968,1972,F,6-5,205,"May 27, 1943",Tulsa
612,Tom Hammonds,1990,2001,F,6-9,215,"March 27, 1967",Georgia Tech
613,A.J. Hammons,2017,2017,C,7-0,260,"August 27, 1992",Purdue
614,Joe Hamood,1968,1968,G,6-0,180,"September 7, 1943",Houston
615,Darrin Hancock,1995,1997,G-F,6-7,205,"November 3, 1971",Kansas
616,Ben Handlogten,2004,2005,C,6-10,240,"November 16, 1973",Western Michigan
617,Cecil Hankins,1947,1948,G,6-1,175,"January 6, 1922",Oklahoma State
618,Phil Hankinson,1974,1975,F,6-8,195,"July 26, 1951",Penn
619,Dusty Hannahs,2019,2020,G,6-3,210,"September 2, 1993","Texas Tech, Arkansas"
620,Alex Hannum*,1950,1957,F-C,6-7,210,"July 19, 1923",USC
621,Don Hanrahan,1953,1953,F,6-7,200,"February 6, 1929",Loyola Chicago
622,Rollen Hans,1954,1955,G,6-2,210,"April 13, 1931",Long Island University
623,Ben Hansbrough,2013,2013,G,6-3,203,"December 23, 1987","Mississippi State, Notre Dame"
624,Tyler Hansbrough,2010,2016,F,6-9,250,"November 3, 1985",UNC
625,Bob Hansen,1984,1992,G,6-6,190,"January 18, 1961",Iowa
626,Glenn Hansen,1976,1978,G,6-4,205,"April 21, 1952",LSU
627,Lars Hansen,1979,1979,C,6-10,225,"September 14, 1954",Washington
628,Travis Hansen,2004,2004,G,6-6,205,"April 15, 1978","Utah Valley State College, BYU"
629,Reggie Hanson,1998,1998,F,6-8,195,"October 6, 1968",Kentucky
630,Bill Hanzlik,1981,1990,G-F,6-7,185,"December 6, 1957",Notre Dame
631,Luke Harangody,2011,2012,F,6-8,246,"January 2, 1988",Notre Dame
632,Anfernee Hardaway,1994,2008,G-F,6-7,195,"July 18, 1971",Memphis
633,Tim Hardaway,1990,2003,G,6-0,175,"September 1, 1966",Texas-El Paso
634,Tim Hardaway,2014,2020,G,6-5,205,"March 16, 1992",Michigan
635,James Harden,2010,2020,G,6-5,220,"August 26, 1989",Arizona State
636,Reggie Harding,1964,1968,C,7-0,249,"May 4, 1942",
637,Charlie Hardnett,1963,1965,F-C,6-8,225,"September 13, 1938",Grambling State University
638,Alan Hardy,1981,1982,F,6-7,195,"May 25, 1957",Michigan
639,Darrell Hardy,1968,1968,F,6-7,220,,Baylor
640,James Hardy,1979,1982,F-C,6-8,220,"December 1, 1956",San Francisco
641,Ira Harge,1968,1973,C,6-9,225,"March 14, 1941",New Mexico
642,John Hargis,1950,1951,G-F,6-2,180,"August 20, 1920",Texas
643,Maurice Harkless,2013,2020,F-G,6-7,220,"May 11, 1993",St. John's
644,Jerry Harkness,1964,1969,G,6-2,175,"May 7, 1940",Loyola Chicago
645,Skip Harlicka,1969,1969,G,6-1,185,"October 14, 1946",South Carolina
646,Jerome Harmon,1995,1995,G,6-4,190,"February 6, 1969",Louisville
647,Derek Harper,1984,1999,G,6-4,185,"October 13, 1961",Illinois
648,Jared Harper,2020,2020,G,5-11,175,"September 14, 1997",Auburn
649,Justin Harper,2012,2017,F,6-10,225,"August 30, 1989",Richmond
650,Mike Harper,1981,1982,C-F,6-10,195,"December 9, 1957",North Park University
651,Ron Harper,1987,2001,G-F,6-6,185,"January 20, 1964",Miami University
652,Matt Harpring,1999,2009,F,6-7,231,"May 31, 1976",Georgia Tech
653,Montrezl Harrell,2016,2020,F-C,6-7,240,"January 26, 1994",Louisville
654,Josh Harrellson,2012,2014,C,6-10,275,"February 12, 1989",Kentucky
655,Adam Harrington,2003,2003,G,6-5,200,"July 5, 1980","NC State, Auburn"
656,Al Harrington,1999,2014,F,6-9,230,"February 17, 1980",
657,Junior Harrington,2003,2007,G,6-4,180,"October 2, 1980",Wingate University
658,Othella Harrington,1997,2008,F-C,6-9,235,"January 31, 1974",Georgetown
659,Art Harris,1969,1972,G,6-4,185,"January 13, 1947",Stanford
660,Bernie Harris,1975,1975,F,6-10,200,"November 26, 1950",Virginia Commonwealth
661,Billy Harris,1975,1975,G,6-2,185,"November 12, 1951",Northern Illinois
662,Bob Harris,1950,1954,F-C,6-7,195,"March 16, 1927",Oklahoma State
663,Chris Harris,1956,1956,G,6-3,190,"August 11, 1933",Dayton
664,Devin Harris,2005,2019,G,6-3,185,"February 27, 1983",Wisconsin
665,Elias Harris,2014,2014,F,6-8,239,"July 6, 1989",Gonzaga
666,Gary Harris,2015,2020,G,6-4,205,"September 14, 1994",Michigan State
667,Joe Harris,2015,2020,G,6-6,220,"September 6, 1991",Virginia
668,Lucious Harris,1994,2005,G,6-5,190,"December 18, 1970",Cal State Long Beach
669,Manny Harris,2011,2017,G,6-5,185,"September 21, 1989",Michigan
670,Mike Harris,2008,2014,F,6-6,240,"June 15, 1983",Rice University
671,Steve Harris,1986,1990,G,6-5,195,"October 15, 1963",Tulsa
672,Terrel Harris,2012,2013,G,6-5,190,"August 10, 1987",Oklahoma State
673,Tobias Harris,2012,2020,F,6-8,235,"July 15, 1992",Tennessee
674,Tony Harris,1991,1995,G,6-3,190,"May 13, 1967","Lamar University, New Orleans"
675,Aaron Harrison,2016,2018,G,6-6,210,"October 28, 1994",Kentucky
676,Andrew Harrison,2017,2019,G,6-6,213,"October 28, 1994",Kentucky
677,Bob Harrison,1950,1958,G,6-1,190,"August 12, 1927",Michigan
678,David Harrison,2005,2008,C,7-0,280,"August 15, 1982",Colorado
679,Shaquille Harrison,2018,2020,G,6-7,190,"October 6, 1993",Tulsa
680,Jason Hart,2001,2010,G,6-3,185,"April 29, 1978",Syracuse
681,Josh Hart,2018,2020,G,6-5,215,"March 6, 1995",Villanova
682,Isaiah Hartenstein,2019,2020,F,7-0,249,"May 5, 1998",
683,Antonio Harvey,1994,2003,F-C,6-11,225,"July 6, 1970","Southern Illinois, Georgia, Pfeiffer University"
684,Donnell Harvey,2001,2005,F,6-8,220,"August 26, 1980",Florida
685,Scott Haskin,1994,1994,C-F,6-11,250,"September 19, 1970",Oregon State
686,Clem Haskins,1968,1976,G,6-3,195,"July 11, 1943",Western Kentucky
687,Udonis Haslem,2004,2020,F-C,6-8,235,"June 9, 1980",Florida
688,Trenton Hassell,2002,2010,G,6-5,200,"March 4, 1979",Austin Peay State University
689,Billy Hassett,1950,1951,G,5-11,180,"October 21, 1921",Notre Dame
690,Joe Hassett,1978,1983,G,6-5,180,"September 11, 1955",Providence
691,Scott Hastings,1983,1993,F-C,6-10,235,"June 3, 1960",Arkansas
692,Kirk Haston,2002,2003,F,6-9,242,"March 10, 1979",Indiana
693,Vern Hatton,1959,1962,G,6-3,195,"January 13, 1936",Kentucky
694,John Havlicek*,1963,1978,F-G,6-5,203,"April 8, 1940",Ohio State
695,Spencer Hawes,2008,2017,C-F,7-1,245,"April 28, 1988",Washington
696,Steve Hawes,1975,1984,C-F,6-9,220,"May 26, 1950",Washington
697,Bubbles Hawkins,1976,1979,G,6-4,190,"June 30, 1954",Illinois State
698,Connie Hawkins*,1968,1976,F-C,6-8,210,"July 17, 1942",Iowa
699,Hersey Hawkins,1989,2001,G,6-3,190,"September 29, 1966",Bradley
700,Juaquin Hawkins,2003,2003,G-F,6-7,220,"July 2, 1973",Cal State Long Beach
701,Marshall Hawkins,1950,1950,F,6-3,205,"August 3, 1924",Tennessee
702,Michael Hawkins,1997,2001,G,6-0,178,"October 28, 1972",Xavier
703,Tom Hawkins,1960,1969,F,6-5,210,"December 22, 1936",Notre Dame
704,Nate Hawthorne,1974,1976,G,6-4,190,"January 15, 1950",Southern Illinois
705,Chuck Hayes,2006,2016,F-C,6-6,240,"June 11, 1983",Kentucky
706,Elvin Hayes*,1969,1984,F-C,6-9,235,"November 17, 1945",Houston
707,Jarvis Hayes,2004,2010,F,6-7,220,"August 9, 1981","Western Carolina University, Georgia"
708,Jaxson Hayes,2020,2020,F,6-11,220,"May 23, 2000",Texas
709,Jim Hayes,1971,1971,G,6-3,200,"February 18, 1948",Boston University
710,Nigel Hayes,2018,2018,F,6-8,254,"December 16, 1994",Wisconsin
711,Steve Hayes,1982,1986,C,7-0,205,"August 2, 1955",Idaho State University
712,Gordon Hayward,2011,2020,F-G,6-7,207,"March 23, 1990",Butler
713,Lazar Hayward,2011,2013,F,6-6,225,"November 26, 1986",Marquette
714,Brendan Haywood,2002,2015,C,7-0,268,"November 27, 1979",UNC
715,Spencer Haywood*,1970,1983,F-C,6-8,225,"April 22, 1949",Detroit Mercy
716,John Hazen,1949,1949,G,6-2,172,"March 2, 1927",Indiana State University
717,Walt Hazzard,1965,1974,G,6-2,185,"April 15, 1942",UCLA
718,Luther Head,2006,2011,G,6-3,185,"November 26, 1982",Illinois
719,Shane Heal,1997,2004,G,6-0,180,"September 6, 1970",
720,Brian Heaney,1970,1970,G,6-2,180,"September 3, 1946",Acadia University
721,Gar Heard,1971,1981,F,6-6,219,"May 3, 1948",Oklahoma
722,Reggie Hearn,2018,2018,G,6-5,210,"August 14, 1991",Northwestern
723,Herm Hedderick,1955,1955,G,6-5,170,"January 10, 1930",Canisius
724,Alvin Heggs,1996,1996,F,6-8,225,"December 12, 1967",Texas
725,Tom Heinsohn*,1957,1965,F-C,6-7,218,"August 26, 1934",Holy Cross
726,Dick Hemric,1956,1957,F,6-6,220,"August 29, 1933",Wake Forest
727,Alan Henderson,1996,2007,F,6-9,235,"December 2, 1972",Indiana
728,Cedric Henderson,1987,1987,F,6-8,210,"October 3, 1965",Georgia
729,Cedric Henderson,1998,2002,F,6-7,215,"March 11, 1975",Memphis
730,Dave Henderson,1988,1988,G,6-5,195,"July 21, 1964",Duke
731,Gerald Henderson,1980,1992,G,6-2,175,"January 16, 1956",Virginia Commonwealth
732,Gerald Henderson,2010,2017,G,6-5,215,"December 9, 1987",Duke
733,J.R. Henderson,1999,1999,F,6-8,226,"October 30, 1976",UCLA
734,Jerome Henderson,1986,1987,C-F,6-11,230,"October 5, 1959",New Mexico
735,Kevin Henderson,1987,1988,G,6-4,195,"March 22, 1964",Cal State Fullerton
736,Tom Henderson,1975,1983,G,6-3,190,"January 26, 1952",Hawaii
737,Mark Hendrickson,1997,2000,F,6-9,220,"June 23, 1974",Washington State
738,Larry Hennessy,1956,1957,G,6-3,185,"May 20, 1929",Villanova
739,Don Henriksen,1953,1955,F-C,6-7,225,"October 10, 1929",California
740,Al Henry,1971,1972,C,6-9,190,"February 9, 1949",Wisconsin
741,Bill Henry,1949,1950,C,6-9,215,"December 27, 1924",Rice University
742,Carl Henry,1986,1986,G,6-6,205,"August 16, 1960","Oklahoma City University, Kansas"
743,Conner Henry,1987,1988,G,6-7,195,"July 21, 1963",UC Santa Barbara
744,Myke Henry,2018,2018,F,6-6,210,"December 23, 1992",DePaul
745,Skeeter Henry,1994,1994,G,6-7,190,"December 8, 1967","Midland College, Oklahoma"
746,Xavier Henry,2011,2015,G,6-6,220,"March 15, 1991",Kansas
747,John Henson,2013,2020,C-F,6-9,219,"December 28, 1990",UNC
748,Steve Henson,1991,1999,G,5-11,177,"February 2, 1968",Kansas State
749,Charles Hentz,1971,1971,F,6-5,210,"September 13, 1947",University of Arkansas at Pine Bluff
750,Bill Herman,1950,1950,G,6-3,170,"May 17, 1924",Mount Union College
751,Kleggie Hermsen,1947,1953,C-F,6-9,225,"March 12, 1923",Minnesota
752,Dewan Hernandez,2020,2020,F,6-10,235,"December 9, 1996",Miami (FL)
753,Juan Hernangómez,2017,2020,F,6-9,220,"September 28, 1995",
754,Willy Hernangómez,2017,2020,C,6-11,240,"May 27, 1994",
755,Chris Herren,2000,2001,G,6-2,197,"September 27, 1975","Boston College, Fresno State"
756,Carl Herrera,1992,1999,F,6-9,215,"December 14, 1966","Jacksonville University, Houston"
757,Walter Herrmann,2007,2009,F,6-9,225,"June 26, 1979",
758,Tyler Herro,2020,2020,G,6-5,200,"January 20, 2000",Kentucky
759,Keith Herron,1979,1982,G-F,6-6,195,"June 14, 1956",Villanova
760,Sonny Hertzberg,1947,1951,G,5-10,175,"July 29, 1922",City College of New York
761,Kevin Hervey,2020,2020,F,6-9,230,"July 9, 1996",UT Arlington
762,Dan Hester,1971,1971,F,6-8,210,"November 8, 1948",LSU
763,Fred Hetzel,1966,1971,F-C,6-8,220,"July 21, 1942",Davidson
764,Bill Hewitt,1969,1975,F,6-7,210,"August 8, 1944",USC
765,Jack Hewson,1948,1948,F-C,6-6,195,"September 7, 1924",Temple
766,Art Heyman,1964,1970,F-G,6-5,205,"June 24, 1941",Duke
767,Mario Hezonja,2016,2020,F-G,6-8,201,"February 25, 1995",
768,Roy Hibbert,2009,2017,C,7-2,270,"December 11, 1986",Georgetown
769,Nat Hickey,1948,1948,G-F,5-11,180,"January 30, 1902",
770,Isaiah Hicks,2018,2019,F,6-9,230,"July 24, 1994",UNC
771,Phil Hicks,1977,1979,F,6-7,205,"January 31, 1953",Tulane
772,J.J. Hickson,2009,2016,F-C,6-9,242,"September 4, 1988",NC State
773,Buddy Hield,2017,2020,G,6-4,220,"December 17, 1992",Oklahoma
774,Bill Higgins,1975,1975,G,6-2,180,"December 15, 1952",Ashland University
775,Cory Higgins,2012,2013,G,6-5,180,"June 14, 1989",Colorado
776,Earle Higgins,1971,1971,F,6-8,195,"December 30, 1946",Eastern Michigan
777,Mike Higgins,1990,1991,F,6-9,220,"February 17, 1967",University of Northern Colorado
778,Rod Higgins,1983,1995,F,6-7,200,"January 31, 1960",Fresno State
779,Sean Higgins,1991,1998,G-F,6-9,205,"December 30, 1968",Michigan
780,Kenny Higgs,1979,1982,G,6-0,180,"January 31, 1955",LSU
781,Johnny High,1980,1984,G,6-3,185,"April 25, 1957",Nevada
782,Haywood Highsmith,2019,2019,F,6-7,220,"December 9, 1996",Wheeling Jesuit
783,Wayne Hightower,1963,1972,F-C,6-8,192,"January 14, 1940",Kansas
784,Nenê Hilário,2003,2019,F-C,6-11,250,"September 13, 1982",
785,Armond Hill,1977,1984,G,6-4,190,"March 31, 1953",Princeton
786,Cleo Hill,1962,1962,G,6-1,185,"May 24, 1938",Winston-Salem State
787,Gary Hill,1964,1965,G,6-4,185,"October 7, 1941",Oklahoma City University
788,George Hill,2009,2020,G,6-3,188,"May 4, 1986",IUPUI
789,Grant Hill*,1995,2013,F-G,6-8,225,"October 5, 1972",Duke
790,Jordan Hill,2010,2017,C-F,6-10,235,"July 27, 1987",Arizona
791,Simmie Hill,1970,1974,F,6-7,233,"November 14, 1946",West Texas A&M University
792,Solomon Hill,2014,2020,F,6-6,225,"March 18, 1991",Arizona
793,Steven Hill,2009,2009,C,7-0,248,"November 14, 1985",Arkansas
794,Tyrone Hill,1991,2004,F,6-9,240,"March 19, 1968",Xavier
795,Art Hillhouse,1947,1948,C,6-7,220,"June 12, 1916",Long Island University
796,Darrun Hilliard,2016,2018,G,6-6,205,"April 13, 1993",Villanova
797,Darnell Hillman,1972,1980,F-C,6-9,215,"August 29, 1949",San Jose State
798,Fred Hilton,1972,1973,G-F,6-3,185,"January 15, 1948",Grambling State University
799,Kirk Hinrich,2004,2016,G,6-4,190,"January 2, 1981",Kansas
800,Roy Hinson,1984,1991,F-C,6-9,210,"May 2, 1961",Rutgers University
801,Mel Hirsch,1947,1947,G,5-6,165,"July 31, 1921",Brooklyn College
802,Lew Hitch,1952,1957,F-C,6-8,200,"July 16, 1929",Kansas State
803,Robert Hite,2007,2007,G,6-2,184,"January 12, 1984",Miami (FL)
804,Jaylen Hoard,2020,2020,F,6-8,216,"March 30, 1999",Wake Forest
805,Darington Hobson,2012,2012,G,6-7,210,"September 29, 1987",New Mexico
806,Donald Hodge,1992,1996,C,7-0,230,"February 25, 1969",Temple
807,Julius Hodge,2006,2007,G,6-7,210,"November 18, 1983",NC State
808,Craig Hodges,1983,1992,G,6-2,190,"June 27, 1960",Cal State Long Beach
809,Charlie Hoefer,1947,1948,G,5-9,158,"September 16, 1921",Queens College
810,Paul Hoffman,1948,1955,G-F,6-2,195,"April 12, 1925",Purdue
811,Bob Hogsett,1967,1968,F,6-7,230,"January 29, 1941",Tennessee
812,Paul Hogue,1963,1964,C,6-9,240,"April 28, 1940",Cincinnati
813,Fred Hoiberg,1996,2005,G,6-4,203,"October 15, 1972",Iowa State
814,Doug Holcomb,1949,1949,F,6-4,200,"February 9, 1925",Wisconsin
815,Randy Holcomb,2006,2006,F,6-9,225,"August 8, 1979","Fresno State, San Diego State"
816,Aaron Holiday,2019,2020,G,6-0,185,"September 30, 1996",UCLA
817,Jrue Holiday,2010,2020,G,6-3,205,"June 12, 1990",UCLA
818,Justin Holiday,2013,2020,F,6-6,181,"April 5, 1989",Washington
819,Brad Holland,1980,1982,G,6-3,180,"December 6, 1956",UCLA
820,Joe Holland,1950,1952,F,6-4,185,"September 26, 1925",Kentucky
821,John Holland,2018,2019,G-F,6-5,205,"November 6, 1988",Boston University
822,Wilbur Holland,1976,1979,G,6-0,175,"November 8, 1951",New Orleans
823,Lionel Hollins,1976,1985,G,6-3,185,"October 19, 1953",Arizona State
824,Ryan Hollins,2007,2016,C,7-0,240,"October 10, 1984",UCLA
825,Essie Hollis,1979,1979,F,6-6,195,"May 16, 1955",St. Bonaventure
826,Rondae Hollis-Jefferson,2016,2020,F,6-6,217,"January 3, 1995",Arizona
827,Dennis Holman,1968,1968,G,6-3,175,"October 8, 1945",SMU
828,Richaun Holmes,2016,2020,F-C,6-10,240,"October 15, 1993",Bowling Green
829,Jim Holstein,1953,1956,F-G,6-3,180,"September 24, 1930",Cincinnati
830,A.W. Holt,1971,1971,F,6-7,210,"August 26, 1946",Jackson State University
831,Michael Holton,1985,1990,G,6-4,185,"August 4, 1961",UCLA
832,Dick Holub,1948,1948,C,6-6,205,"October 29, 1921",Long Island University
833,Joe Holup,1957,1959,F,6-6,215,"February 26, 1934",George Washington
834,Red Holzman*,1949,1954,G,5-10,175,"August 10, 1920",City College of New York
835,Jerald Honeycutt,1998,1999,F-G,6-9,245,"October 20, 1974",Tulane
836,Tyler Honeycutt,2012,2013,F,6-8,188,"July 15, 1990",UCLA
837,Derek Hood,2000,2000,F,6-8,222,"December 22, 1976",Arkansas
838,Rodney Hood,2015,2020,G-F,6-8,208,"October 20, 1992","Mississippi State, Duke"
839,Bobby Hooper,1969,1969,G,6-0,180,"December 22, 1946",Dayton
840,Carroll Hooser,1968,1968,F,6-7,230,"March 5, 1944",SMU
841,Tom Hoover,1964,1969,C,6-9,230,"January 23, 1941",Villanova
842,Bob Hopkins,1957,1960,C-F,6-8,205,"November 3, 1934",Grambling State University
843,Dave Hoppen,1988,1993,C-F,6-11,235,"March 13, 1964",Nebraska
844,Dennis Hopson,1988,1992,G-F,6-5,200,"April 22, 1965",Ohio State
845,Scotty Hopson,2014,2018,G,6-7,204,"August 8, 1989",Tennessee
846,Johnny Horan,1956,1956,F,6-8,190,"November 24, 1932",Dayton
847,Cedrick Hordges,1981,1982,F-C,6-8,220,"January 8, 1957","Auburn, South Carolina"
848,Al Horford,2008,2020,C-F,6-9,245,"June 3, 1986",Florida
849,Tito Horford,1989,1994,C,7-1,245,"January 19, 1966",Miami (FL)
850,Ron Horn,1962,1968,F,6-7,220,"May 24, 1938",Indiana
851,Jeff Hornacek,1987,2000,G,6-3,190,"May 3, 1963",Iowa State
852,Dennis Horner,2012,2012,F,6-9,230,"February 5, 1988",NC State
853,Robert Horry,1993,2008,F,6-9,220,"August 25, 1970",Alabama
854,Ed Horton,1990,1990,F,6-8,230,"December 17, 1967",Iowa
855,Talen Horton-Tucker,2020,2020,G-F,6-4,235,"November 25, 2000",Iowa State
856,Bill Hosket,1969,1972,F-C,6-8,225,"December 20, 1946",Ohio State
857,Bob Houbregs*,1954,1958,C-F,6-8,225,"March 12, 1932",Washington
858,Danuel House,2017,2020,G,6-6,215,"June 7, 1993",Texas A&M
859,Eddie House,2001,2011,G,6-1,180,"May 14, 1978",Arizona State
860,Allan Houston,1994,2005,G,6-6,200,"April 20, 1971",Tennessee
861,Byron Houston,1993,1996,F,6-5,250,"November 22, 1969",Oklahoma State
862,Tom Hovasse,1995,1995,F,6-8,205,"January 31, 1967",Penn State
863,Brian Howard,1992,1993,F,6-6,204,"October 19, 1967",NC State
864,Dwight Howard,2005,2020,C,6-10,265,"December 8, 1985",
865,Greg Howard,1971,1972,F-C,6-9,215,"January 8, 1948",New Mexico
866,Josh Howard,2004,2013,F-G,6-7,210,"April 28, 1980",Wake Forest
867,Juwan Howard,1995,2013,F,6-9,240,"February 7, 1973",Michigan
868,Mo Howard,1977,1977,G,6-2,170,"August 25, 1954",Maryland
869,Otis Howard,1979,1979,F,6-7,220,"November 5, 1956",Austin Peay State University
870,Stephen Howard,1993,1998,F,6-9,225,"July 15, 1970",DePaul
871,William Howard,2020,2020,F,6-8,205,"October 25, 1993",
872,Bailey Howell*,1960,1971,F,6-7,210,"January 20, 1937",Mississippi State
873,Bob Hubbard,1948,1949,C-F,6-6,215,"December 27, 1922",Springfield College
874,Phil Hubbard,1980,1989,F-C,6-8,215,"December 13, 1956",Michigan
875,Lester Hudson,2010,2015,G,6-3,190,"August 7, 1984",University of Tennessee at Martin
876,Lou Hudson,1967,1979,F-G,6-5,210,"July 11, 1944",Minnesota
877,Troy Hudson,1998,2008,G,6-1,170,"March 13, 1976","Missouri, Southern Illinois"
878,Marcelo Huertas,2016,2017,G,6-3,200,"May 25, 1983",
879,Kevin Huerter,2019,2020,G,6-7,190,"August 27, 1998",Maryland
880,Josh Huestis,2016,2018,F,6-7,230,"December 19, 1991",Stanford
881,Nate Huffman,2003,2003,C,7-1,245,"April 2, 1975",Central Michigan University
882,Alfredrick Hughes,1986,1986,F-G,6-5,215,"July 19, 1962",Loyola Chicago
883,Eddie Hughes,1988,1990,G,5-10,165,"May 26, 1960",Colorado State
884,Kim Hughes,1976,1981,C,6-11,220,"June 4, 1952",Wisconsin
885,Larry Hughes,1999,2012,G,6-5,184,"January 23, 1979",Saint Louis
886,Rick Hughes,2000,2000,F,6-9,235,"August 22, 1973",Thomas More College
887,Robbie Hummel,2014,2015,F,6-8,215,"March 8, 1989",Purdue
888,John Hummer,1971,1976,F-C,6-9,230,"May 4, 1948",Princeton
889,Ryan Humphrey,2003,2005,F,6-8,235,"July 24, 1979","Oklahoma, Notre Dame"
890,Isaac Humphries,2019,2019,C,7-0,255,"January 5, 1998",Kentucky
891,Jay Humphries,1985,1995,G,6-3,185,"October 17, 1962",Colorado
892,Kris Humphries,2005,2017,F-C,6-9,235,"February 6, 1985",Minnesota
893,Hot Rod Hundley,1958,1963,G,6-4,185,"October 26, 1934",West Virginia
894,Brandon Hunter,2004,2005,F,6-7,260,"November 24, 1980",Ohio University
895,Cedric Hunter,1992,1992,G,6-0,180,"January 16, 1965",Kansas
896,Chris Hunter,2010,2010,F,6-11,240,"July 7, 1984",Michigan
897,De'Andre Hunter,2020,2020,F,6-7,225,"December 2, 1997",Virginia
898,Les Hunter,1965,1973,F-C,6-7,210,"August 16, 1942",Loyola Chicago
899,Lindsey Hunter,1994,2010,G,6-2,170,"December 3, 1970","Alcorn State, Jackson State University"
900,Othello Hunter,2009,2010,F,6-8,225,"May 28, 1986",Ohio State
901,R.J. Hunter,2016,2019,G,6-5,185,"October 24, 1993",Georgia State University
902,Steven Hunter,2002,2010,C,7-0,220,"October 31, 1981",DePaul
903,Vince Hunter,2018,2018,F,6-8,208,"August 5, 1994",Texas-El Paso
904,Bobby Hurley,1994,1998,G,6-0,165,"June 28, 1971",Duke
905,Roy Hurley,1947,1947,F-G,6-2,170,"August 12, 1922",Murray State
906,Geoff Huston,1980,1987,G,6-2,175,"November 8, 1957",Texas Tech
907,Paul Huston,1948,1948,F,6-3,175,"June 2, 1925",Ohio State
908,Mel Hutchins,1952,1958,F-C,6-6,200,"November 22, 1928",BYU
909,Chandler Hutchison,2019,2020,G,6-7,196,"April 26, 1996",Boise State
910,Joe Hutton,1951,1952,G,6-1,170,"October 6, 1928",Hamline University
911,Greg Hyder,1971,1971,F,6-6,215,"June 21, 1948",Eastern New Mexico University
912,Alaa Abdelnaby,1991,1995,F-C,6-10,240,"June 24, 1968",Duke
913,Zaid Abdul-Aziz,1969,1978,C-F,6-9,235,"April 7, 1946",Iowa State
914,Kareem Abdul-Jabbar*,1970,1989,C,7-2,225,"April 16, 1947",UCLA
915,Mahmoud Abdul-Rauf,1991,2001,G,6-1,162,"March 9, 1969",LSU
916,Tariq Abdul-Wahad,1998,2003,F,6-6,223,"November 3, 1974","Michigan, San Jose State"
917,Shareef Abdur-Rahim,1997,2008,F,6-9,225,"December 11, 1976",California
918,Tom Abernethy,1977,1981,F,6-7,220,"May 6, 1954",Indiana
919,Forest Able,1957,1957,G,6-3,180,"July 27, 1932",Western Kentucky
920,John Abramovic,1947,1948,F,6-3,195,"February 9, 1919",Salem International University
921,Álex Abrines,2017,2019,G-F,6-6,200,"August 1, 1993",
922,Alex Acker,2006,2009,G,6-5,185,"January 21, 1983",Pepperdine
923,Don Ackerman,1954,1954,G,6-0,183,"September 4, 1930",Long Island University
924,Mark Acres,1988,1993,F-C,6-11,220,"November 15, 1962",Oral Roberts
925,Bud Acton,1968,1968,F,6-6,210,"January 11, 1942",Hillsdale College
926,Quincy Acy,2013,2019,F-C,6-7,240,"October 6, 1990",Baylor
927,Alvan Adams,1976,1988,C-F,6-9,210,"July 19, 1954",Oklahoma
928,Don Adams,1971,1977,F,6-6,210,"November 27, 1947",Northwestern
929,George Adams,1973,1975,F-G,6-5,210,"May 15, 1949",Gardner-Webb University
930,Hassan Adams,2007,2009,G,6-4,220,"June 20, 1984",Arizona
931,Jaylen Adams,2019,2019,G,6-2,190,"May 4, 1996",St. Bonaventure
932,Jordan Adams,2015,2016,G,6-5,209,"July 8, 1994",UCLA
933,Michael Adams,1986,1996,G,5-10,162,"January 19, 1963",Boston College
934,Steven Adams,2014,2020,C,6-11,265,"July 20, 1993",Pitt
935,Rafael Addison,1987,1997,F-G,6-7,215,"July 22, 1964",Syracuse
936,Bam Adebayo,2018,2020,C-F,6-9,255,"July 18, 1997",Kentucky
937,Deng Adel,2019,2019,F,6-7,200,"February 1, 1997",Louisville
938,Rick Adelman,1969,1975,G,6-1,175,"June 16, 1946",Loyola Marymount University
939,Jeff Adrien,2011,2015,F,6-7,245,"February 10, 1986",UConn
940,Arron Afflalo,2008,2018,G-F,6-5,210,"October 15, 1985",UCLA
941,Maurice Ager,2007,2011,G,6-5,202,"February 9, 1984",Michigan State
942,Mark Aguirre,1982,1994,F-G,6-6,232,"December 10, 1959",DePaul
943,Blake Ahearn,2008,2012,G,6-2,190,"May 27, 1984",Missouri State University
944,Danny Ainge,1982,1995,G,6-4,175,"March 17, 1959",BYU
945,Matthew Aitch,1968,1968,F,6-7,230,"September 21, 1944",Michigan State
946,Alexis Ajinça,2009,2017,C-F,7-2,248,"May 6, 1988",
947,Henry Akin,1967,1969,C-F,6-10,225,"July 31, 1944",Morehead State University
948,Josh Akognon,2013,2013,G,5-11,185,"February 10, 1986","Washington State, Cal State Fullerton"
949,DeVaughn Akoon-Purcell,2019,2019,G,6-6,200,"June 5, 1993",Illinois State
950,Solomon Alabi,2011,2012,C,7-1,251,"March 21, 1988",Florida State
951,Mark Alarie,1987,1991,F,6-8,217,"December 11, 1963",Duke
952,Gary Alcorn,1960,1961,C,6-9,225,"October 8, 1936",Fresno State
953,Furkan Aldemir,2015,2015,F-C,6-10,240,"August 9, 1991",
954,Cole Aldrich,2011,2018,C,6-11,250,"October 31, 1988",Kansas
955,LaMarcus Aldridge,2007,2020,F-C,6-11,260,"July 19, 1985",Texas
956,Chuck Aleksinas,1985,1985,C,6-11,260,"February 26, 1959","Kentucky, UConn"
957,Cliff Alexander,2016,2016,F,6-8,245,"November 16, 1995",Kansas
958,Cory Alexander,1996,2005,G,6-1,185,"June 22, 1973",Virginia
959,Courtney Alexander,2001,2003,G,6-5,205,"April 27, 1977","Virginia, Fresno State"
960,Gary Alexander,1994,1994,F,6-7,240,"November 1, 1969",South Florida
961,Joe Alexander,2009,2010,F,6-8,230,"December 26, 1986",West Virginia
962,Kyle Alexander,2020,2020,F,6-11,222,"October 21, 1996",Tennessee
963,Victor Alexander,1992,2002,C-F,6-9,265,"August 31, 1969",Iowa State
964,Nickeil Alexander-Walker,2020,2020,G,6-5,205,"September 2, 1998",Virginia Tech
965,Steve Alford,1988,1991,G,6-2,183,"November 23, 1964",Indiana
966,Rawle Alkins,2019,2019,G,6-5,225,"October 29, 1997",Arizona
967,Bill Allen,1968,1968,C-F,6-8,205,,New Mexico State
968,Bob Allen,1969,1969,F,6-9,205,"July 17, 1946",Marshall
969,Grayson Allen,2019,2020,G,6-4,198,"October 8, 1995",Duke
970,Jarrett Allen,2018,2020,C-F,6-11,237,"April 21, 1998",Texas
971,Jerome Allen,1996,1997,G,6-4,184,"January 28, 1973",Penn
972,Kadeem Allen,2018,2020,G,6-1,200,"January 15, 1993",Arizona
973,Lavoy Allen,2012,2017,F-C,6-9,260,"February 4, 1989",Temple
974,Lucius Allen,1970,1979,G,6-2,175,"September 26, 1947",UCLA
975,Malik Allen,2002,2011,F-C,6-10,255,"June 27, 1978",Villanova
976,Randy Allen,1989,1990,F,6-8,220,"January 26, 1965",Florida State
977,Ray Allen*,1997,2014,G,6-5,205,"July 20, 1975",UConn
978,Tony Allen,2005,2018,G-F,6-4,213,"January 11, 1982","Butler County Community College, Oklahoma State"
979,Willie Allen,1972,1972,F,6-6,230,"February 8, 1949",Miami (FL)
980,Odis Allison,1972,1972,F,6-6,195,"October 2, 1949",UNLV
981,Lance Allred,2008,2008,C,6-11,250,"February 2, 1981","Utah, Weber State"
982,Darrell Allums,1981,1981,F,6-9,220,"September 12, 1958",UCLA
983,Morris Almond,2008,2012,G,6-6,225,"February 2, 1985",Rice University
984,Derrick Alston,1995,1997,F,6-11,225,"August 20, 1972",Duquesne
985,Rafer Alston,2000,2010,G,6-2,171,"July 24, 1976",Fresno State
986,Peter Aluma,1999,1999,C,6-10,260,"April 23, 1973",Liberty
987,John Amaechi,1996,2003,C-F,6-10,270,"November 26, 1970","Vanderbilt, Penn State"
988,Ashraf Amaya,1996,1997,F,6-8,230,"November 23, 1971",Southern Illinois
989,Al-Farouq Aminu,2011,2020,F,6-8,220,"September 21, 1990",Wake Forest
990,Lou Amundson,2007,2016,F-C,6-9,220,"December 7, 1982",UNLV
991,Bob Anderegg,1960,1960,F-G,6-3,200,"August 24, 1937",Michigan State
992,Chris Andersen,2002,2017,C-F,6-10,245,"July 7, 1978",Blinn College
993,David Andersen,2010,2011,C,6-11,245,"June 23, 1980",
994,Alan Anderson,2006,2017,G-F,6-6,220,"October 16, 1982",Michigan State
995,Andrew Anderson,1968,1970,G,6-2,184,"July 6, 1945",Canisius
996,Antonio Anderson,2010,2010,G,6-6,215,"June 5, 1985",Memphis
997,Cliff Anderson,1968,1971,G-F,6-2,200,"September 7, 1944",Saint Joseph's
998,Dan Anderson,1968,1969,C,6-10,230,"February 15, 1943",Augsburg College
999,Dan Anderson,1975,1976,G,6-2,185,"January 1, 1951",USC
1000,Derek Anderson,1998,2008,G,6-5,194,"July 18, 1974","Ohio State, Kentucky"
1001,Dwight Anderson,1983,1983,G,6-3,185,"December 28, 1960","Kentucky, USC"
1002,Eric Anderson,1993,1994,F,6-9,220,"May 26, 1970",Indiana
1003,Greg Anderson,1988,1998,F-C,6-10,230,"June 22, 1964",Houston
1004,J.J. Anderson,1983,1985,F,6-8,195,"September 23, 1960",Bradley
1005,James Anderson,2011,2016,G-F,6-6,213,"March 25, 1989",Oklahoma State
1006,Jerome Anderson,1976,1977,G,6-5,195,"October 9, 1953",West Virginia
1007,Justin Anderson,2016,2020,G,6-6,230,"November 19, 1993",Virginia
1008,Kenny Anderson,1992,2005,G,6-0,168,"October 9, 1970",Georgia Tech
1009,Kim Anderson,1979,1979,F,6-7,200,"May 12, 1955",Missouri
1010,Kyle Anderson,2015,2020,F-G,6-9,230,"September 20, 1993",UCLA
1011,Michael Anderson,1989,1989,G,5-11,184,"March 23, 1966",Drexel
1012,Nick Anderson,1990,2002,F-G,6-6,205,"January 20, 1968",Illinois
1013,Richard Anderson,1983,1990,F-C,6-10,240,"November 19, 1960",UC Santa Barbara
1014,Ron Anderson,1985,1994,F-G,6-7,215,"October 15, 1958",Fresno State
1015,Ryan Anderson,2009,2020,F,6-9,240,"May 6, 1988",California
1016,Shandon Anderson,1997,2006,F-G,6-6,208,"December 31, 1973",Georgia
1017,Willie Anderson,1989,1997,G-F,6-7,190,"January 8, 1967",Georgia
1018,Wally Anderzunas,1970,1970,C-F,6-7,220,"January 11, 1946",Creighton
1019,Martynas Andriuškevičius,2006,2006,C,7-2,240,"March 12, 1986",
1020,Don Anielak,1955,1955,F,6-7,190,"November 1, 1930",Missouri State University
1021,Ike Anigbogu,2018,2019,F-C,6-10,250,"October 17, 1998",UCLA
1022,Michael Ansley,1990,1992,F,6-7,225,"February 8, 1967",Alabama
1023,Chris Anstey,1998,2000,C,7-0,249,"January 1, 1975",
1024,Giannis Antetokounmpo,2014,2020,F-G,6-11,242,"December 6, 1994",
1025,Kostas Antetokounmpo,2019,2020,F,6-10,200,"November 20, 1997",Dayton
1026,Thanasis Antetokounmpo,2016,2020,F,6-6,205,"July 18, 1992",
1027,Carmelo Anthony,2004,2020,F,6-8,240,"May 29, 1984",Syracuse
1028,Greg Anthony,1992,2002,G,6-0,176,"November 15, 1967","University of Portland, UNLV"
1029,Joel Anthony,2008,2017,C,6-9,245,"August 9, 1982",UNLV
1030,Pero Antić,2014,2015,C-F,6-11,260,"July 29, 1982",
1031,OG Anunoby,2018,2020,F,6-7,232,"July 17, 1997",Indiana
1032,Keith Appling,2016,2016,G,6-1,185,"February 13, 1992",Michigan State
1033,Rafael Araújo,2005,2007,C,6-11,280,"August 12, 1980",BYU
1034,Stacey Arceneaux,1962,1962,F,6-4,210,"February 17, 1936",Iowa State
1035,Robert Archibald,2003,2004,F,6-11,250,"March 29, 1980",Illinois
1036,Tiny Archibald*,1971,1984,G,6-1,150,"September 2, 1948",Texas-El Paso
1037,Ryan Arcidiacono,2018,2020,G,6-3,195,"March 26, 1994",Villanova
1038,Jim Ard,1971,1978,F-C,6-8,215,"September 19, 1948",Cincinnati
1039,Gilbert Arenas,2002,2012,G,6-3,191,"January 6, 1982",Arizona
1040,Trevor Ariza,2005,2020,F,6-8,215,"June 30, 1985",UCLA
1041,Paul Arizin*,1951,1962,F-G,6-4,190,"April 9, 1928",Villanova
1042,Joe Arlauckas,1988,1988,F,6-9,230,"July 20, 1965",Niagara University
1043,B.J. Armstrong,1990,2000,G,6-2,175,"September 9, 1967",Iowa
1044,Bob Armstrong,1957,1957,C-F,6-8,220,"June 17, 1933",Michigan State
1045,Brandon Armstrong,2002,2004,G,6-5,188,"June 16, 1980",Pepperdine
1046,Curly Armstrong,1949,1951,G-F,5-11,170,"November 1, 1918",Indiana
1047,Darrell Armstrong,1995,2008,G,6-0,170,"June 22, 1968",Fayetteville State University
1048,Hilton Armstrong,2007,2014,F-C,6-11,235,"November 11, 1984",UConn
1049,Tate Armstrong,1978,1979,G,6-3,175,"October 5, 1955",Duke
1050,Jesse Arnelle,1956,1956,F,6-5,220,"December 30, 1933",Penn State
1051,Jay Arnette,1964,1966,G,6-2,175,"December 19, 1938",Texas
1052,Bob Arnzen,1970,1974,F,6-5,205,"November 3, 1947",Notre Dame
1053,Carlos Arroyo,2002,2011,G,6-2,202,"July 30, 1979",Florida International University
1054,Darrell Arthur,2009,2018,F,6-9,235,"March 25, 1988",Kansas
1055,John Arthurs,1970,1970,G,6-4,185,"August 15, 1947",Tulane
1056,Jamel Artis,2018,2018,G-F,6-7,213,"January 12, 1993",Pitt
1057,Ömer Aşık,2011,2018,C,7-0,255,"July 4, 1986",
1058,Vincent Askew,1988,1998,G-F,6-6,210,"February 28, 1966",Memphis
1059,Keith Askins,1991,1999,G-F,6-7,197,"December 15, 1967",Alabama
1060,Don Asmonga,1954,1954,G,6-2,185,"February 15, 1928",Alliance College
1061,Dick Atha,1956,1958,G,6-2,190,"September 21, 1931",Indiana State University
1062,Chucky Atkins,2000,2010,G,5-11,160,"August 14, 1974",South Florida
1063,Al Attles*,1961,1971,G,6-0,175,"November 7, 1936",North Carolina A&T
1064,Chet Aubuchon,1947,1947,G,5-10,137,"May 18, 1916",Michigan State
1065,Stacey Augmon,1992,2006,F-G,6-8,205,"August 1, 1968",UNLV
1066,D.J. Augustin,2009,2020,G,5-11,183,"November 10, 1987",Texas
1067,James Augustine,2007,2008,F,6-10,235,"February 27, 1984",Illinois
1068,Isaac Austin,1992,2002,C,6-10,255,"August 18, 1969",Arizona State
1069,Johnny Austin,1967,1968,G,6-0,170,"August 31, 1944",Boston College
1070,Ken Austin,1984,1984,F,6-9,205,"July 15, 1961",Rice University
1071,Anthony Avent,1993,2000,F,6-9,235,"October 18, 1969",Seton Hall
1072,Bird Averitt,1974,1978,G,6-1,170,"July 22, 1952",Pepperdine
1073,William Avery,2000,2002,G,6-2,197,"August 8, 1979",Duke
1074,Dennis Awtrey,1971,1982,C,6-10,235,"February 22, 1948",Santa Clara
1075,Gustavo Ayón,2012,2014,C,6-10,250,"April 1, 1985",
1076,Jeff Ayres,2010,2016,F,6-9,240,"April 29, 1987",Arizona State
1077,Deandre Ayton,2019,2020,C,6-11,250,"July 23, 1998",Arizona
1078,Kelenna Azubuike,2007,2012,G,6-5,220,"December 16, 1983",Kentucky
1079,Hamady N'Diaye,2011,2014,C,7-0,235,"January 12, 1987",Rutgers University
1080,Makhtar N'Diaye,1999,1999,F,6-8,245,"December 12, 1973","Michigan, UNC"
1081,Mamadou N'Diaye,2001,2005,C,7-0,255,"June 16, 1975",Auburn
1082,Boniface N'Dong,2006,2006,C,7-0,198,"March 9, 1977",
1083,Bob Naber,1953,1953,F,6-3,185,"September 3, 1929",Louisville
1084,Boris Nachamkin,1955,1955,F,6-6,210,"December 6, 1933",NYU
1085,Boštjan Nachbar,2003,2008,F,6-9,221,"July 3, 1980",
1086,Abdel Nader,2018,2020,F,6-5,225,"September 25, 1993","Northern Illinois, Iowa State"
1087,Jerry Nagel,1950,1950,G,6-0,190,"May 18, 1928",Loyola Chicago
1088,Fritz Nagy,1949,1949,G-F,6-2,185,"January 3, 1924",University of Akron
1089,Lee Nailon,2001,2006,F,6-9,238,"February 22, 1975","Butler County Community College, TCU"
1090,Eduardo Nájera,2001,2012,F,6-8,240,"July 11, 1976",Oklahoma
1091,Larry Nance,1982,1994,F-C,6-10,205,"February 12, 1959",Clemson
1092,Larry Nance,2016,2020,F-C,6-7,230,"January 1, 1993",Wyoming
1093,Shabazz Napier,2015,2020,G,6-0,175,"July 14, 1991",UConn
1094,Paul Napolitano,1949,1949,F-G,6-2,185,"February 3, 1923",San Francisco
1095,Bob Nash,1973,1979,F,6-8,195,"August 24, 1950",Hawaii
1096,Cotton Nash,1965,1968,F,6-5,215,"July 24, 1942",Kentucky
1097,Steve Nash*,1997,2014,G,6-3,195,"February 7, 1974",Santa Clara
1098,Swen Nater,1974,1984,C,6-11,240,"January 14, 1950",UCLA
1099,Howard Nathan,1996,1996,G,5-11,175,"January 21, 1972","DePaul, Louisiana-Monroe"
1100,Calvin Natt,1980,1990,F,6-6,220,"January 8, 1957",Louisiana-Monroe
1101,Kenny Natt,1981,1985,G,6-3,185,"October 5, 1958",Louisiana-Monroe
1102,Willie Naulls,1957,1966,F-C,6-6,225,"October 7, 1934",UCLA
1103,Juan Carlos Navarro,2008,2008,G,6-3,170,"June 13, 1980",
1104,Maurice Ndour,2017,2017,F,6-9,200,"June 18, 1992",Ohio University
1105,Craig Neal,1989,1991,G,6-5,165,"February 16, 1964",Georgia Tech
1106,Gary Neal,2011,2017,G,6-4,210,"October 3, 1984","La Salle, Towson University"
1107,Jim Neal,1954,1955,C,6-11,235,"May 21, 1930",Wofford College
1108,Lloyd Neal,1973,1979,C-F,6-7,225,"December 10, 1950",Tennessee State
1109,Ed Nealy,1983,1993,F,6-7,238,"February 19, 1960",Kansas State
1110,Nemanja Nedović,2014,2014,G,6-3,192,"June 16, 1991",
1111,Al Negratti,1947,1947,F-C,6-3,200,"June 12, 1921",Seton Hall
1112,Barry Nelson,1972,1972,C,6-10,230,"September 19, 1949",Duquesne
1113,DeMarcus Nelson,2009,2009,G,6-4,200,"November 2, 1985",Duke
1114,Don Nelson*,1963,1976,F,6-6,210,"May 15, 1940",Iowa
1115,Jameer Nelson,2005,2018,G,6-0,190,"February 9, 1982",Saint Joseph's
1116,Louie Nelson,1974,1978,G,6-3,190,"May 28, 1951",Washington
1117,Ron Nelson,1971,1971,G,6-2,175,"October 7, 1946",New Mexico
1118,Ruben Nembhard,1997,1997,G,6-3,208,"February 20, 1972",Weber State
1119,Dick Nemelka,1971,1971,G,6-0,175,"October 1, 1943",BYU
1120,Tyrone Nesby,1999,2002,F,6-6,225,"January 31, 1976",UNLV
1121,Martin Nessley,1988,1988,C,7-2,260,"February 16, 1965",Duke
1122,Rasho Nesterović,1999,2010,C,7-0,248,"May 30, 1976",
1123,Raul Neto,2016,2020,G,6-1,179,"May 19, 1992",
1124,Bob Netolicky,1968,1976,F-C,6-9,220,"August 2, 1942",Drake University
1125,Johnny Neumann,1972,1978,G-F,6-6,200,"September 11, 1951",Ole Miss
1126,Paul Neumann,1962,1967,G,6-1,175,"January 30, 1938",Stanford
1127,Chuck Nevitt,1983,1994,C,7-5,217,"June 13, 1959",NC State
1128,Melvin Newbern,1993,1993,G,6-4,200,"June 11, 1967",Minnesota
1129,Ivano Newbill,1995,1998,F,6-9,245,"December 12, 1970",Georgia Tech
1130,Ira Newble,2001,2008,F,6-7,220,"January 20, 1975",Miami University
1131,Mike Newlin,1972,1982,G-F,6-4,200,"January 2, 1949",Utah
1132,Johnny Newman,1987,2002,F-G,6-7,190,"November 28, 1963",Richmond
1133,Malik Newman,2020,2020,G,6-3,190,"February 21, 1997","Mississippi State, Kansas"
1134,Dave Newmark,1969,1971,C,7-0,240,"September 11, 1946",Columbia University
1135,Bill Newton,1973,1974,C,6-9,220,"December 22, 1950",LSU
1136,Georges Niang,2017,2020,F,6-7,230,"June 17, 1993",Iowa State
1137,Demetris Nichols,2008,2009,F,6-8,216,"September 4, 1984",Syracuse
1138,Jack Nichols,1949,1958,C-F,6-7,222,"April 9, 1926",Washington
1139,Andrew Nicholson,2013,2017,F,6-9,250,"December 8, 1989",St. Bonaventure
1140,Gaylon Nickerson,1997,1997,G,6-3,190,"February 5, 1969","Wichita State, Butler County Community College, Kansas State, Northwestern Oklahoma State University"
1141,Carl Nicks,1981,1983,G,6-1,175,"October 6, 1958",Indiana State University
1142,Rich Niemann,1969,1972,C,7-0,245,"July 2, 1946",Saint Louis
1143,Richie Niemiera,1949,1950,G-F,6-1,165,"May 26, 1921",Notre Dame
1144,Mike Niles,1981,1981,F,6-6,225,"March 31, 1955",Cal State Fullerton
1145,Kurt Nimphius,1982,1990,C-F,6-10,218,"March 13, 1958",Arizona State
1146,Dyron Nix,1990,1990,F,6-7,210,"February 11, 1967",Tennessee
1147,Norm Nixon,1978,1989,G,6-2,170,"October 11, 1955",Duquesne
1148,Joakim Noah,2008,2020,C,6-11,230,"February 25, 1985",Florida
1149,Chuck Noble,1956,1962,G,6-4,190,"July 24, 1931",Louisville
1150,Andrés Nocioni,2005,2012,F,6-7,225,"November 30, 1979",
1151,David Noel,2007,2007,F,6-6,230,"February 27, 1984",UNC
1152,Nerlens Noel,2015,2020,C-F,6-10,220,"April 10, 1994",Kentucky
1153,Paul Noel,1948,1952,F,6-4,185,"August 17, 1924",Kentucky
1154,Lucas Nogueira,2015,2018,C,7-0,241,"July 26, 1992",
1155,Jim Nolan,1950,1950,C,6-8,210,"June 9, 1927",Georgia Tech
1156,Paul Nolen,1954,1954,C,6-10,,"September 3, 1929",Texas Tech
1157,Jeff Nordgaard,1998,1998,F,6-7,225,"February 23, 1973",Green Bay
1158,Bevo Nordmann,1962,1965,C,6-10,225,"December 11, 1939",Saint Louis
1159,Johnny Norlander,1947,1951,F,6-3,180,"March 5, 1921",Hamline University
1160,Connie Norman,1975,1979,G,6-3,175,"September 24, 1953",Arizona
1161,Ken Norman,1988,1997,F,6-8,215,"September 5, 1964",Illinois
1162,Audie Norris,1983,1985,C,6-9,230,"December 18, 1960",Jackson State University
1163,Moochie Norris,1997,2006,G,6-1,175,"July 27, 1973","Auburn, University of West Florida"
1164,Sylvester Norris,1980,1980,C,6-11,220,"February 18, 1957",Jackson State University
1165,Zach Norvell,2020,2020,G,6-5,206,"December 9, 1997",Gonzaga
1166,Willie Norwood,1972,1978,F,6-7,220,"August 8, 1947",Alcorn State
1167,George Nostrand,1947,1950,C-F,6-8,195,"January 25, 1924",Wyoming
1168,Stan Noszka,1947,1949,G,6-1,185,"September 9, 1920",Duquesne
1169,Mike Novak,1949,1954,C-F,6-9,219,"April 23, 1915",Loyola Chicago
1170,Steve Novak,2007,2017,F,6-10,225,"June 13, 1983",Marquette
1171,Jaylen Nowell,2020,2020,G,6-4,196,"July 9, 1999",Washington
1172,Mel Nowell,1963,1968,G,6-2,170,"December 27, 1939",Ohio State
1173,Dirk Nowitzki,1999,2019,F,7-0,245,"June 19, 1978",
1174,Frank Ntilikina,2018,2020,G,6-4,190,"July 28, 1998",
1175,Kendrick Nunn,2020,2020,G,6-2,190,"August 3, 1995","Illinois, Oakland"
1176,James Nunnally,2014,2019,F,6-7,208,"July 14, 1990",UC Santa Barbara
1177,Jusuf Nurkić,2015,2020,C,7-0,280,"August 23, 1994",
1178,Dennis Nutt,1987,1987,G,6-2,170,"March 25, 1963",TCU
1179,David Nwaba,2017,2020,G,6-5,219,"January 14, 1993",Cal Poly
1180,Julius Nwosu,1995,1995,C,6-10,255,"May 1, 1971",Liberty
1181,Charles O'Bannon,1998,1999,G-F,6-5,209,"February 22, 1975",UCLA
1182,Ed O'Bannon,1996,1997,F,6-8,222,"August 14, 1972",UCLA
1183,John O'Boyle,1953,1953,G,6-2,185,"March 7, 1928",Colorado State
1184,Bob O'Brien,1948,1949,F,6-4,190,"January 26, 1927",Pepperdine
1185,J.J. O'Brien,2016,2016,F,6-7,228,"April 8, 1992",San Diego State
1186,Jim O'Brien,1974,1975,F,6-7,200,"November 7, 1951",Maryland
1187,Jimmy O'Brien,1972,1975,G,6-1,170,"April 9, 1950",Boston College
1188,Ralph O'Brien,1952,1953,G,5-9,160,"April 8, 1928",Butler
1189,Johnny O'Bryant,2015,2018,F-C,6-9,257,"June 1, 1993",LSU
1190,Patrick O'Bryant,2007,2010,C,7-0,260,"June 20, 1986",Bradley
1191,Dermie O'Connell,1949,1950,G,6-0,174,"April 13, 1928",Holy Cross
1192,Andy O'Donnell,1950,1950,G,6-1,180,"March 10, 1925",Loyola College in Maryland
1193,Buddy O'Grady,1947,1949,G,5-11,160,"January 19, 1920",Georgetown
1194,Fran O'Hanlon,1971,1971,G,6-1,175,"August 24, 1948",Villanova
1195,Dick O'Keefe,1948,1951,G-F,6-2,185,"September 29, 1923",Santa Clara
1196,Tommy O'Keefe,1951,1951,G,6-2,185,"June 3, 1928",Georgetown
1197,Mike O'Koren,1981,1988,F-G,6-7,207,"February 7, 1958",UNC
1198,Grady O'Malley,1970,1970,F,6-5,205,"April 25, 1948",Manhattan College
1199,Jermaine O'Neal,1997,2014,F-C,6-11,226,"October 13, 1978",
1200,Shaquille O'Neal*,1993,2011,C,7-1,325,"March 6, 1972",LSU
1201,Royce O'Neale,2018,2020,F,6-4,226,"June 5, 1993","Denver, Baylor"
1202,Mike O'Neill,1953,1953,F,6-3,210,"August 11, 1928",California
1203,Kyle O'Quinn,2013,2020,F-C,6-9,250,"March 26, 1990",Norfolk State
1204,Kevin O'Shea,1951,1953,G,6-2,175,"July 10, 1925",Notre Dame
1205,Garland O'Shields,1947,1947,G-F,6-1,195,"May 23, 1921",Tennessee
1206,Dan O'Sullivan,1991,1996,C,6-10,250,"March 3, 1968",Fordham
1207,Charles Oakley,1986,2004,F-C,6-8,225,"December 18, 1963",Virginia Union University
1208,Fabricio Oberto,2006,2011,C-F,6-10,245,"March 21, 1975",
1209,Daniel Ochefu,2017,2017,C,6-11,245,"December 15, 1993",Villanova
1210,Greg Oden,2009,2014,C,7-0,250,"January 22, 1988",Ohio State
1211,Lamar Odom,2000,2013,F,6-10,220,"November 6, 1979",Rhode Island
1212,Bud Ogden,1970,1971,F,6-6,215,"December 29, 1946",Santa Clara
1213,Ralph Ogden,1971,1971,F,6-5,205,"January 25, 1948",Santa Clara
1214,Alan Ogg,1991,1993,C,7-2,240,"July 5, 1967",University of Alabama at Birmingham
1215,Don Ohl,1961,1970,G,6-3,190,"April 18, 1936",Illinois
1216,Tim Ohlbrecht,2013,2013,C,6-11,255,"August 30, 1988",
1217,Semi Ojeleye,2018,2020,F,6-6,235,"December 5, 1994","Duke, SMU"
1218,Emeka Okafor,2005,2018,C-F,6-10,252,"September 28, 1982",UConn
1219,Jahlil Okafor,2016,2020,C-F,6-10,275,"December 15, 1995",Duke
1220,Elie Okobo,2019,2020,G,6-3,190,"October 23, 1997",
1221,Josh Okogie,2019,2020,G,6-4,212,"September 1, 1998",Georgia Tech
1222,KZ Okpala,2020,2020,F,6-8,215,"April 28, 1999",Stanford
1223,Mehmet Okur,2003,2012,C-F,6-11,249,"May 26, 1979",
1224,Victor Oladipo,2014,2020,G,6-4,210,"May 4, 1992",Indiana
1225,Hakeem Olajuwon*,1985,2002,C,7-0,255,"January 21, 1963",Houston
1226,Mark Olberding,1976,1987,F,6-8,225,"April 21, 1956",Minnesota
1227,Jawann Oldham,1981,1991,C,7-0,215,"July 4, 1957",Seattle University
1228,John Oldham,1950,1951,G,6-3,175,"June 22, 1923",Western Kentucky
1229,Frank Oleynick,1976,1977,G,6-2,185,"February 20, 1955",Seattle University
1230,John Olive,1979,1980,F,6-7,210,"March 1, 1955",Villanova
1231,Brian Oliver,1991,1998,G,6-4,210,"June 1, 1968",Georgia Tech
1232,Dean Oliver,2002,2003,G,5-11,180,"November 5, 1978",Iowa
1233,Jimmy Oliver,1992,1999,G-F,6-5,205,"July 12, 1969",Purdue
1234,Kevin Ollie,1998,2010,G,6-4,195,"December 27, 1972",UConn
1235,Gene Ollrich,1950,1950,G,5-11,160,"June 30, 1922",Drake University
1236,Michael Olowokandi,1999,2007,C,7-0,269,"April 3, 1975",University of the Pacific
1237,Bud Olsen,1963,1970,F-C,6-8,220,"July 25, 1940",Louisville
1238,Kelly Olynyk,2014,2020,C-F,6-11,240,"April 19, 1991",Gonzaga
1239,Miye Oni,2020,2020,G,6-5,206,"August 4, 1997",Yale
1240,Arinze Onuaku,2014,2017,C,6-9,255,"July 13, 1987",Syracuse
1241,Chinanu Onuaku,2017,2018,F-C,6-10,245,"November 1, 1996",Louisville
1242,Barry Orms,1969,1970,G,6-3,190,"May 1, 1946",Saint Louis
1243,Johnny Orr,1950,1950,F,6-3,195,"June 10, 1927",Beloit College
1244,Louis Orr,1981,1988,F,6-8,175,"May 7, 1958",Syracuse
1245,José Ortiz,1989,1990,F,6-10,225,"October 25, 1963",Oregon State
1246,Daniel Orton,2012,2014,C-F,6-10,255,"August 6, 1990",Kentucky
1247,Chuck Osborne,1962,1962,F,6-6,210,"January 21, 1939",Western Kentucky
1248,Cedi Osman,2018,2020,F,6-7,215,"April 8, 1995",
1249,Wally Osterkorn,1952,1955,F-C,6-5,215,"July 6, 1928",Illinois
1250,Greg Ostertag,1996,2006,C,7-2,280,"March 6, 1973",Kansas
1251,Matt Othick,1993,1993,G,6-2,165,"March 16, 1969",Arizona
1252,Don Otten,1950,1953,C,6-10,240,"April 18, 1921",Bowling Green
1253,Mac Otten,1950,1950,F-C,6-7,220,"December 16, 1925",Bowling Green
1254,Kelly Oubre,2016,2020,F,6-7,205,"December 9, 1995",Kansas
1255,Bo Outlaw,1994,2008,F,6-8,210,"April 13, 1971","South Plains College, Houston"
1256,Travis Outlaw,2004,2014,F,6-9,210,"September 18, 1984",
1257,Claude Overton,1953,1953,G,6-2,195,"December 16, 1927",East Central University
1258,Doug Overton,1993,2004,G,6-3,190,"August 3, 1969",La Salle
1259,Andre Owens,2006,2008,G,6-4,200,"October 31, 1980","Indiana, Houston"
1260,Billy Owens,1992,2001,F-G,6-8,220,"May 1, 1969",Syracuse
1261,Chris Owens,2003,2003,F,6-7,245,"March 1, 1979","Tulane, Texas"
1262,Eddie Owens,1978,1978,F,6-7,210,"December 26, 1953",UNLV
1263,Jim Owens,1974,1975,F,6-5,200,"May 1, 1950",Arizona State
1264,Keith Owens,1992,1992,F,6-7,225,"May 31, 1969",UCLA
1265,Larry Owens,2011,2012,F,6-7,210,"January 8, 1983",Oral Roberts
1266,Red Owens,1950,1952,G-F,6-3,185,"September 2, 1925",Baylor
1267,Tariq Owens,2020,2020,F,6-10,205,"June 30, 1995","Tennessee, St. John's, Texas Tech"
1268,Tom Owens,1972,1983,C-F,6-10,215,"June 28, 1949",South Carolina
1269,Ray Owes,1997,1997,F,6-9,224,"December 11, 1972",Arizona
1270,Olumide Oyedeji,2001,2003,C,6-10,240,"May 11, 1981",
1271,Žan Tabak,1995,2001,C,7-0,245,"June 15, 1970",
1272,Yuta Tabuse,2005,2005,G,5-9,165,"October 5, 1980",Brigham Young University Hawaii
1273,Chris Taft,2006,2006,F,6-10,260,"March 10, 1985",Pitt
1274,Sid Tanenbaum,1948,1949,G,6-0,160,"October 8, 1925",NYU
1275,Dragan Tarlać,2001,2001,C,6-10,260,"May 9, 1973",
1276,Roy Tarpley,1987,1995,C-F,6-11,230,"November 28, 1964",Michigan
1277,Levern Tart,1968,1971,G-F,6-2,195,"June 1, 1942",Bradley
1278,Earl Tatum,1977,1980,G-F,6-5,185,"July 26, 1953",Marquette
1279,Jayson Tatum,2018,2020,F,6-8,204,"March 3, 1998",Duke
1280,Edy Tavares,2016,2017,C,7-3,260,"March 22, 1992",
1281,Anthony Taylor,1989,1989,G,6-4,175,"November 30, 1965",Oregon
1282,Brian Taylor,1973,1982,G,6-2,185,"June 9, 1951",Princeton
1283,Donell Taylor,2006,2007,G,6-6,180,"July 26, 1982","Okaloosa-Walton Community College, University of Alabama at Birmingham"
1284,Fatty Taylor,1970,1977,G,6-0,175,"March 13, 1946",La Salle
1285,Fred Taylor,1971,1972,G-F,6-5,180,"February 5, 1948",University of Texas-Pan American
1286,Isaiah Taylor,2017,2018,G,6-3,170,"July 11, 1994",Texas
1287,Jay Taylor,1990,1990,G,6-3,190,"October 3, 1967",Eastern Illinois University
1288,Jeff Taylor,1983,1987,G,6-4,175,"January 1, 1960",Texas Tech
1289,Jeffery Taylor,2013,2015,F,6-7,225,"May 23, 1989",Vanderbilt
1290,Jermaine Taylor,2010,2011,G,6-4,210,"December 8, 1986",Central Florida
1291,Johnny Taylor,1998,2000,F,6-9,220,"June 4, 1974","Indian Hills Community College, Chattanooga"
1292,Leonard Taylor,1990,1990,F,6-8,220,"May 2, 1966",California
1293,Maurice Taylor,1998,2007,F,6-9,260,"October 30, 1976",Michigan
1294,Mike Taylor,2009,2009,G,6-2,165,"January 21, 1986",Iowa State
1295,Oliver Taylor,1971,1974,G-F,6-2,194,"March 7, 1947",Houston
1296,Ronald Taylor,1970,1972,C,7-1,265,"November 21, 1947",USC
1297,Tyshawn Taylor,2013,2014,G,6-3,185,"April 12, 1990",Kansas
1298,Vince Taylor,1983,1983,G-F,6-5,180,"September 11, 1960",Duke
1299,Terry Teagle,1983,1993,F-G,6-5,195,"April 10, 1960",Baylor
1300,Jeff Teague,2010,2020,G,6-3,195,"June 10, 1988",Wake Forest
1301,Marquis Teague,2013,2018,G,6-2,189,"February 28, 1993",Kentucky
1302,Mirza Teletović,2013,2018,F,6-9,242,"September 18, 1985",
1303,Sebastian Telfair,2005,2015,G,6-0,165,"June 9, 1985",
1304,Collis Temple,1975,1975,F,6-8,220,"November 8, 1952",LSU
1305,Garrett Temple,2010,2020,G,6-5,195,"May 8, 1986",LSU
1306,Miloš Teodosić,2018,2019,G,6-5,196,"March 19, 1987",
1307,Ira Terrell,1977,1979,F-C,6-8,200,"June 19, 1954",SMU
1308,Jared Terrell,2019,2019,G,6-3,227,"February 10, 1995",Rhode Island
1309,Carlos Terry,1981,1983,G-F,6-5,210,"June 22, 1956",Winston-Salem State
1310,Chuck Terry,1973,1977,F,6-6,215,"September 27, 1950",Cal State Long Beach
1311,Claude Terry,1973,1978,G-F,6-4,195,"January 12, 1950",Stanford
1312,Emanuel Terry,2019,2019,F,6-9,220,"August 21, 1996",Lincoln Memorial University
1313,Jason Terry,2000,2018,G,6-2,185,"September 15, 1977",Arizona
1314,Hasheem Thabeet,2010,2014,C,7-3,263,"February 16, 1987",UConn
1315,Tom Thacker,1964,1971,G-F,6-2,170,"November 2, 1939",Cincinnati
1316,Floyd Theard,1970,1970,G,6-1,170,"September 5, 1944",Kentucky State University
1317,Daniel Theis,2018,2020,C,6-8,215,"April 4, 1992",
1318,Reggie Theus,1979,1991,G,6-7,190,"October 13, 1957",UNLV
1319,Peter Thibeaux,1985,1986,F,6-7,210,"October 3, 1961",Saint Mary's
1320,Bill Thieben,1957,1958,F-C,6-7,215,"March 28, 1935",Hofstra
1321,Justus Thigpen,1970,1974,G,6-1,160,"August 13, 1947",Weber State
1322,David Thirdkill,1983,1987,F-G,6-7,195,"April 12, 1960",Bradley
1323,Adonis Thomas,2014,2014,F,6-7,200,"March 25, 1993",Memphis
1324,Billy Thomas,2005,2008,G,6-4,208,"December 23, 1975",Kansas
1325,Carl Thomas,1992,1998,G,6-4,175,"October 3, 1969",Eastern Michigan
1326,Charles Thomas,1992,1992,G,6-3,175,"October 3, 1969",Eastern Michigan
1327,Etan Thomas,2002,2011,F,6-9,256,"April 1, 1978",Syracuse
1328,Irving Thomas,1991,1991,F,6-8,225,"January 2, 1966","Kentucky, Florida State"
1329,Isaiah Thomas,2012,2020,G,5-9,185,"February 7, 1989",Washington
1330,Isiah Thomas*,1982,1994,G,6-1,180,"April 30, 1961",Indiana
1331,Jamel Thomas,2000,2001,F,6-6,215,"March 25, 1973",Providence
1332,James Thomas,2005,2006,F,6-8,235,"November 22, 1980",Texas
1333,Jim Thomas,1984,1991,G,6-3,190,"October 19, 1960",Indiana
1334,Joe Thomas,1971,1971,F,6-6,205,"March 9, 1948",Marquette
1335,John Thomas,1998,2006,F,6-9,265,"September 8, 1975",Minnesota
1336,Kenny Thomas,2000,2010,F,6-7,261,"July 25, 1977",New Mexico
1337,Khyri Thomas,2019,2020,G,6-3,210,"May 8, 1996",Creighton
1338,Kurt Thomas,1996,2013,F,6-9,230,"October 4, 1972",TCU
1339,Lance Thomas,2012,2020,F,6-8,240,"April 24, 1988",Duke
1340,Malcolm Thomas,2012,2015,F,6-9,225,"November 8, 1988","Pepperdine, San Diego State"
1341,Matt Thomas,2020,2020,G,6-4,190,"August 4, 1994",Iowa State
1342,Ronald Thomas,1973,1976,F,6-6,215,"November 19, 1950",Louisville
1343,Terry Thomas,1976,1976,F,6-8,220,"August 20, 1953",Detroit Mercy
1344,Tim Thomas,1998,2010,F,6-10,230,"February 26, 1977",Villanova
1345,Tyrus Thomas,2007,2015,F,6-9,215,"August 17, 1986",LSU
1346,Willis Thomas,1968,1968,G,6-2,185,,Harbor College
1347,Trey Thompkins,2012,2012,F,6-10,245,"May 20, 1990",Georgia
1348,Bernard Thompson,1985,1989,F-G,6-6,210,"August 30, 1962",Fresno State
1349,Billy Thompson,1987,1992,F,6-7,195,"December 1, 1963",Louisville
1350,Brooks Thompson,1995,1998,G,6-4,193,"July 19, 1970","Texas A&M, Oklahoma State"
1351,Corny Thompson,1983,1983,F,6-8,225,"February 5, 1960",UConn
1352,David Thompson*,1976,1984,G-F,6-4,195,"July 13, 1954",NC State
1353,Dijon Thompson,2006,2007,G-F,6-7,195,"February 23, 1983",UCLA
1354,George Thompson,1970,1975,G,6-2,200,"November 29, 1947",Marquette
1355,Hollis Thompson,2014,2017,G-F,6-8,206,"April 3, 1991",Georgetown
1356,Jack Thompson,1969,1969,G,6-1,185,"March 26, 1946",South Carolina
1357,Jason Thompson,2009,2016,F-C,6-11,250,"July 21, 1986",Rider University
1358,John Thompson*,1965,1966,F,6-10,225,"September 2, 1941",Providence
1359,Kevin Thompson,1994,1994,C-F,6-11,260,"February 7, 1971",NC State
1360,Klay Thompson,2012,2019,G-F,6-6,215,"February 8, 1990",Washington State
1361,LaSalle Thompson,1983,1997,C-F,6-10,245,"June 23, 1961",Texas
1362,Mychal Thompson,1979,1991,C-F,6-10,226,"January 30, 1955",Minnesota
1363,Mychel Thompson,2012,2012,G,6-6,211,"June 1, 1988",Pepperdine
1364,Paul Thompson,1984,1986,G-F,6-6,210,"May 25, 1961",Tulane
1365,Stephen Thompson,1992,1992,G,6-4,185,"December 2, 1968",Syracuse
1366,Tristan Thompson,2012,2020,F-C,6-9,238,"March 13, 1991",Texas
1367,Skip Thoren,1968,1970,C,6-10,230,"April 5, 1943",Illinois
1368,Rod Thorn*,1964,1971,G,6-4,195,"May 23, 1941",West Virginia
1369,Al Thornton,2008,2011,F,6-8,220,"December 7, 1983",Florida State
1370,Bob Thornton,1986,1996,F-C,6-10,225,"July 10, 1962","University of California, Irvine"
1371,Dallas Thornton,1969,1970,G,6-4,190,"September 1, 1946",Kentucky Wesleyan College
1372,Marcus Thornton,2010,2017,G,6-4,205,"June 5, 1987",LSU
1373,Sindarius Thornwell,2018,2020,G,6-5,215,"November 15, 1994",South Carolina
1374,Otis Thorpe,1985,2001,F-C,6-9,225,"August 5, 1962",Providence
1375,Sedale Threatt,1984,1997,G,6-2,175,"September 10, 1961",West Virginia Tech
1376,Nate Thurmond*,1964,1977,C-F,6-11,225,"July 25, 1941",Bowling Green
1377,Mel Thurston,1948,1948,G,6-0,175,"January 16, 1919",Canisius
1378,Matisse Thybulle,2020,2020,G,6-5,200,"March 4, 1997",Washington
1379,Hal Tidrick,1949,1949,F-G,6-1,190,"April 4, 1915",Washington & Jefferson College
1380,Dan Tieman,1963,1963,G,6-0,185,"November 30, 1940",Thomas More College
1381,Darren Tillis,1983,1984,C-F,6-11,215,"February 23, 1960",Cleveland State University
1382,Jack Tingle,1948,1949,F,6-4,205,"December 30, 1924",Kentucky
1383,George Tinsley,1970,1972,F,6-5,205,"September 19, 1946",Kentucky Wesleyan College
1384,Jamaal Tinsley,2002,2014,G,6-3,195,"February 28, 1978",Iowa State
1385,Wayman Tisdale,1986,1997,F-C,6-9,240,"June 9, 1964",Oklahoma
1386,Mike Tobey,2017,2017,C,7-0,260,"October 10, 1994",Virginia
1387,Mike Todorovich,1950,1951,F-C,6-5,220,"June 11, 1923",Wyoming
1388,Ray Tolbert,1982,1989,F,6-9,225,"September 10, 1958",Indiana
1389,Tom Tolbert,1989,1995,F-C,6-7,235,"October 16, 1965","University of California, Irvine, Arizona"
1390,Anthony Tolliver,2009,2020,F-C,6-8,240,"June 1, 1985",Creighton
1391,Dean Tolson,1975,1978,F,6-8,190,"November 25, 1951",Arkansas
1392,Rudy Tomjanovich*,1971,1981,F,6-8,218,"November 24, 1948",Michigan
1393,Andrew Toney,1981,1988,G,6-3,178,"November 23, 1957",LA-Lafayette
1394,Sedric Toney,1986,1994,G,6-2,178,"April 13, 1962",Dayton
1395,Andy Tonkovich,1949,1949,G,6-1,185,"November 1, 1922",Marshall
1396,Andy Toolson,1991,1996,G-F,6-6,210,"January 19, 1966",BYU
1397,Jack Toomay,1948,1950,C-F,6-6,215,"August 9, 1922",University of the Pacific
1398,Bernard Toone,1980,1980,F,6-9,210,"July 14, 1956",Marquette
1399,Irv Torgoff,1947,1949,F,6-2,192,"March 6, 1917",Long Island University
1400,Gene Tormohlen,1963,1970,C-F,6-8,230,"May 12, 1937",Tennessee
1401,Óscar Torres,2002,2003,F,6-6,210,"December 18, 1976",
1402,Juan Toscano-Anderson,2020,2020,F,6-6,215,"April 10, 1993",Marquette
1403,Bill Tosheff,1952,1954,G,6-1,175,"June 2, 1926",Indiana
1404,Bob Tough,1949,1950,G-F,6-0,185,"August 28, 1920",St. John's
1405,Axel Toupane,2016,2017,G-F,6-7,197,"July 23, 1992",
1406,Monte Towe,1976,1977,G,5-7,150,"September 27, 1953",NC State
1407,Keith Tower,1994,1997,C-F,6-11,250,"May 15, 1970",Notre Dame
1408,Blackie Towery,1949,1950,F-C,6-4,210,"June 20, 1920",Western Kentucky
1409,Linton Townes,1983,1985,F-G,6-7,190,"November 30, 1959",James Madison University
1410,Karl-Anthony Towns,2016,2020,C-F,6-11,248,"November 15, 1995",Kentucky
1411,Raymond Townsend,1979,1982,G,6-3,175,"December 20, 1955",UCLA
1412,George Trapp,1972,1977,F-C,6-8,205,"July 11, 1948",Cal State Long Beach
1413,John Trapp,1969,1973,F,6-7,210,"October 2, 1945",UNLV
1414,Robert Traylor,1999,2005,F,6-8,284,"February 1, 1977",Michigan
1415,Gary Trent,1996,2004,F,6-8,250,"September 22, 1974",Ohio University
1416,Gary Trent,2019,2020,G,6-5,209,"January 18, 1999",Duke
1417,Jeff Trepagnier,2002,2004,G,6-4,200,"July 11, 1979",USC
1418,John Tresvant,1965,1973,F-C,6-7,215,"November 6, 1939",Seattle University
1419,Allonzo Trier,2019,2020,G,6-4,200,"January 17, 1996",Arizona
1420,Dick Triptow,1949,1950,G-F,6-0,170,"November 3, 1922",DePaul
1421,Kelly Tripucka,1982,1991,F-G,6-6,220,"February 16, 1959",Notre Dame
1422,Ansley Truitt,1973,1973,C,6-9,215,"August 24, 1950",California
1423,Cezary Trybański,2003,2004,C,7-2,240,"September 22, 1979",
1424,Jake Tsakalidis,2001,2007,C,7-2,285,"June 10, 1979",
1425,John Tschogl,1973,1975,F,6-6,206,"April 25, 1950",UC Santa Barbara
1426,Lou Tsioropoulos,1957,1959,F,6-5,190,"August 31, 1930",Kentucky
1427,Nikoloz Tskitishvili,2003,2006,F,7-0,225,"April 14, 1983",
1428,Al Tucker,1968,1972,F,6-8,190,"February 24, 1943",Oklahoma Baptist University
1429,Alando Tucker,2008,2010,F,6-6,205,"February 11, 1984",Wisconsin
1430,Anthony Tucker,1995,1995,F,6-8,220,"April 4, 1969","Georgetown, Wake Forest"
1431,Jim Tucker,1955,1957,F,6-7,185,"December 11, 1932",Duquesne
1432,P.J. Tucker,2007,2020,F,6-5,245,"May 5, 1985",Texas
1433,Rayjon Tucker,2020,2020,F,6-5,210,"September 24, 1997",
1434,Trent Tucker,1983,1993,G,6-5,193,"December 20, 1959",Minnesota
1435,Ronny Turiaf,2006,2015,F,6-10,249,"January 13, 1983",Gonzaga
1436,Mirsad Türkcan,2000,2000,F,6-9,236,"June 7, 1976",
1437,Hedo Türkoğlu,2001,2015,F,6-10,220,"March 19, 1979",
1438,Andre Turner,1987,1992,G,5-11,160,"December 13, 1964",Memphis
1439,Bill Turner,1968,1973,F,6-7,220,"February 18, 1944",University of Akron
1440,Elston Turner,1982,1989,G-F,6-5,190,"June 10, 1959",Ole Miss
1441,Evan Turner,2011,2020,G,6-6,220,"October 27, 1988",Ohio State
1442,Gary Turner,1968,1968,F,6-7,200,,TCU
1443,Henry Turner,1990,1995,G-F,6-7,200,"August 18, 1966",Cal State Fullerton
1444,Herschell Turner,1968,1968,G,6-2,195,"March 29, 1938",Nebraska
1445,Jack Turner,1955,1955,F-G,6-4,170,"June 29, 1930",Western Kentucky
1446,Jack Turner,1962,1962,G-F,6-5,200,"June 5, 1939",Louisville
1447,Jeff Turner,1985,1996,F-C,6-9,230,"April 9, 1962",Vanderbilt
1448,John Turner,1992,1992,F,6-8,245,"November 30, 1967","Georgetown, Phillips University"
1449,Myles Turner,2016,2020,C-F,6-11,250,"March 24, 1996",Texas
1450,Wayne Turner,2000,2000,G,6-2,190,"March 22, 1976",Kentucky
1451,Melvin Turpin,1985,1990,C,6-11,240,"December 28, 1960",Kentucky
1452,Dave Twardzik,1973,1980,G,6-1,175,"September 20, 1950",Old Dominion
1453,Jack Twyman*,1956,1966,F-G,6-6,210,"May 11, 1934",Cincinnati
1454,B.J. Tyler,1995,1995,G,6-1,185,"April 30, 1971","DePaul, Texas"
1455,Jeremy Tyler,2012,2014,C,6-10,260,"June 21, 1991",
1456,Terry Tyler,1979,1989,F-G,6-7,215,"October 30, 1956",Detroit Mercy
1457,Charlie Tyra,1958,1962,C-F,6-8,230,"August 16, 1935",Louisville
